小区,小区地址,PRI,AGE,YEAR,FAR,GRE,CAR,PRO,物业类型
东风广场,越秀-东风东-东风东路787号,86952,2006年,70年,5.19,33.0%,1,2.70元/平米/月,住宅
捷登都会,越秀-北京路-中山五路70号,25414,2016年,50年,2.50,30.0%,1,6.50元/平米/月,商住楼
富力东堤湾,越秀-中山路-中山一路,81993,2002年,70年,6.96,35.0%,1,1.80元/平米/月,住宅
淘金家园,越秀-淘金-淘金东路62号,80414,2004年,70年,2.97,40.0%,1,1.60元/平米/月,住宅
富力东山新天地,越秀-杨箕-广州大道,118157,2015年,70年,2.50,30.0%,1,6.00元/平米/月,住宅
御江苑,越秀-北京路-南堤二马路36-40号,70194,2011年,70年,3.44,30.0%,1,2.50元/平米/月,住宅
东湖御苑,越秀-东湖-永胜上沙1号,63397,1999年,70年,5.00,30.0%,1,0.90元/平米/月,住宅
中环广场,越秀-建设-建设中马路2-4号,85198,2009年,70年,1.20,25.0%,1,2.50元/平米/月,住宅
瑶台花园,越秀-流花-瑶华中街134号,26467,1996年,70年,2.60,30.0%,1,0.80元/平米/月,住宅
德政中路小区,越秀-农讲所-德政中路217号,41633,1995年,70年,2.60,25.0%,1,0.80元/平米/月,住宅
东山公寓,越秀-东山口-光东前街7号,26752,1999年,70年,2.50,30.0%,1,0.90元/平米/月,住宅
五羊华轩,越秀-五羊新城-东泰路46号,60146,2004年,70年,2.50,30.0%,1,1.70元/平米/月,住宅
锦城花园,越秀-东风东-梅花路34号,79640,2009年,70年,3.20,33.0%,1,3.80元/平米/月,住宅
万科金色家园,越秀-东风东-东风东路746号,95980,2006年,70年,2.40,35.0%,1,2.10元/平米/月,住宅
君汇世家,越秀-水荫路-天河路45号,106387,2008年,70年,5.00,30.0%,1,3.50元/平米/月,住宅
国龙大厦,越秀-小北-环市中路276号,53605,1998年,70年,9.70,10.0%,1,1.80元/平米/月,住宅
梅花村小区,越秀-梅花村-中山一路,68435,1990年,70年,1.20,20.0%,1,0.50元/平米/月,住宅
东山一品,越秀-水荫路-水荫路,84761,2016年,70年,1.63,30.0%,1,2.80元/平米/月,住宅
淘金华庭,越秀-淘金-淘金东路25-29号,57476,2002年,70年,2.50,30.0%,1,0.90元/平米/月,住宅
嘉和苑,越秀-西门口-东风西路148号,50520,1999年,70年,5.00,30.0%,1,2.20元/平米/月,住宅
东湖新村,越秀-东湖-东湖西路1-9号,48858,2000年,70年,4.00,20.0%,1,1.50元/平米/月,住宅
金羊花园,越秀-中山路-中山一路53-1号,68329,1998年,70年,4.22,33.0%,1,0.60元/平米/月,住宅
华侨乐园,越秀-淘金-恒福路240-244-248号,45837,1993年,70年,2.10,30.0%,1,1.80元/平米/月,住宅
东山印象台,越秀-农讲所-中山四路263-289号,77468,2016年,70年,2.50,10.0%,1,3.20元/平米/月,住宅
东山水恋,越秀-东湖-大沙头三马路,81506,2005年,70年,4.51,50.0%,0,暂无,住宅
润粤大厦,越秀-水荫路-天河路35号,68327,1999年,70年,2.50,28.0%,0,2.00元/平米/月,住宅
富力御龙庭,越秀-淘金-淘金路108-138号,72128,2004年,70年,4.04,38.0%,1,2.50元/平米/月,住宅
都市晴川,越秀-东川-元运街31号,79684,2007年,70年,3.50,20.0%,0,3.00元/平米/月,住宅
东山雅筑,越秀-东风东-东风东路776号,93064,2003年,70年,2.50,35.0%,1,3.30元/平米/月,住宅
东方文德广场,越秀-农讲所-文德北路66-72号,110121,2010年,70年,8.20,30.0%,1,3.50元/平米/月,住宅
小东园,越秀-东山口-小东园,85749,2002年,70年,1.90,45.0%,1,0.80元/平米/月,住宅
共和村,越秀-共和路-共和大街,45133,1990年,70年,1.20,27.0%,1,0.50元/平米/月,住宅
福莱花园,越秀-水荫路-水荫直街西6巷23号,46067,1997年,70年,3.50,40.0%,1,3.50元/平米/月,住宅
东海嘉园,越秀-五羊新城-东泰路,94630,2016年,70年,2.60,43.0%,1,1.50元/平米/月,住宅
御景花园,越秀-流花-北站路102-132号,27979,2004年,70年,1.50,70.0%,1,2.70元/平米/月,住宅
骏文雅苑,越秀-北京路-文明路119-123号,82325,2014年,70年,9.49,25.0%,1,3.40元/平米/月,住宅
文德先生,越秀-北京路-珠光路82号,83373,2016年,70年,8.20,30.0%,1,2.80元/平米/月,住宅
华逸锦轩,越秀-五羊新城-东泰路28号,65484,2004年,70年,2.50,52.0%,1,0.90元/平米/月,住宅
华侨新村友爱路小区,越秀-淘金-友爱路,61225,1994年,70年,1.80,36.0%,0,0.60元/平米/月,住宅
东湖北大院,越秀-东湖-合群一马路85号,113484,1995年,70年,4.10,25.0%,1,0.80元/平米/月,住宅
东方广场,越秀-环市东-犀牛路38-44号,72777,1998年,70年,5.18,20.0%,1,1.75元/平米/月,住宅
麓湖大厦,"越秀-麓湖-麓景路126号,128号",55712,1998年,70年,2.80,20.0%,1,1.60元/平米/月,住宅
麓湖御景,越秀-淘金-麓苑路39号,50797,1999年,70年,7.05,30.0%,1,2.50元/平米/月,住宅
东川路白云楼,越秀-东川-东华南路159号,51948,2000年,70年,2.50,36.0%,0,0.90元/平米/月,住宅
方凯华庭,越秀-小北-应元路5号,71160,2005年,70年,9.09,30.0%,1,2.00元/平米/月,住宅
恒鑫御园,越秀-盘福-解放北路680号,75693,2001年,70年,6.50,33.0%,1,2.00元/平米/月,住宅
辉煌大厦,越秀-东川-白云路46-50号,48037,2000年,70年,2.40,28.0%,1,1.55元/平米/月,住宅
仰忠阁,越秀-北京路-珠光路114-118号,64769,1965年,70年,8.00,20.0%,1,1.75元/平米/月,住宅
菜园西小区,越秀-东山口-菜园西路,43708,2001年,70年,1.50,15.0%,0,1.00元/平米/月,住宅
正佳东方国际,越秀-环市东-环市东路370-372号,16666,2012年,40年,3.40,30.0%,1,0.90元/平米/月,商住楼
天胜村,越秀-环市东-环市东路343号,52366,2001年,70年,1.00,35.0%,1,0.80元/平米/月,住宅
湖滨小区,越秀-大沙头-东湖西路6-70号,46707,1998年,70年,4.00,15.0%,0,0.90元/平米/月,住宅
寺贝通津小区,越秀-东山口-寺贝通津23号,61561,1989年,70年,1.50,50.0%,0,0.90元/平米/月,住宅
文星阁,越秀-公园前-解放中路402-454号,59510,2001年,70年,7.40,30.0%,1,2.00元/平米/月,住宅
富力盈泽苑,越秀-东川-较场东路33号,78254,2000年,70年,3.80,30.0%,0,1.50元/平米/月,住宅
淘金北小区,越秀-淘金-淘金北路7-53号,44554,1990年,70年,2.10,28.0%,1,1.20元/平米/月,住宅
恒福路小区,越秀-淘金-恒福路19-97号,34339,1992年,70年,3.10,29.0%,0,1.00元/平米/月,住宅
豪贤苑,越秀-农讲所-仁生里13号,52269,2001年,70年,6.00,16.0%,1,1.50元/平米/月,住宅
明月东山,越秀-五羊新城-明月一路2街2-10号,69189,2012年,70年,1.00,20.0%,1,3.20元/平米/月,住宅
东华西路小区,越秀-东川-东华西路,39477,1992年,70年,2.50,35.0%,1,0.80元/平米/月,住宅
大沙头路小区,"越秀-大沙头-大沙头20,21号,大沙头三马路2号",37598,2008年,70年,2.40,20.0%,0,0.50元/平米/月,住宅
府前铭泰,越秀-北京路-中山五路217-255号,23996,2014年,70年,2.50,20.0%,1,5.00元/平米/月,住宅
越秀上品轩,越秀-西门口-中山六路285-287号,61235,2007年,70年,1.65,25.0%,1,2.50元/平米/月,住宅
邮电小区,越秀-建设-华乐路,44944,2002年,70年,3.60,30.0%,1,0.90元/平米/月,住宅
粤泰荣廷府,越秀-东川-东华西路52-56号,84961,2019年,70年,2.50,30.0%,1,2.80元/平米/月,住宅
中山一路小区,越秀-杨箕-中山一路5-13号,54185,1993年,70年,2.50,35.0%,0,1.00元/平米/月,住宅
东湖豪苑,越秀-东山口-东湖路26号,89317,2000年,70年,4.25,50.0%,1,0.90元/平米/月,住宅
拥翠小区,越秀-建设-建设大马路17号,45233,2000年,70年,0.45,10.0%,1,0.90元/平米/月,住宅
天伦花园,越秀-建设-建设四马路17-29号,74987,2004年,70年,1.30,30.0%,1,2.00元/平米/月,住宅
丹桂里,越秀-小北-丹桂里12号,61156,1996年,70年,2.30,20.0%,0,1.30元/平米/月,住宅
文德广场,越秀-北京路-文德南路54~64号,59178,1999年,70年,2.50,28.0%,0,0.90元/平米/月,住宅
江尚东山,越秀-东湖-大沙头四马路2号,85365,2010年,70年,2.50,30.0%,1,3.50元/平米/月,住宅
淘金路小区,越秀-淘金-淘金路,53735,1990年,70年,2.70,33.0%,1,0.50元/平米/月,住宅
农林下路小区,越秀-农林下路-农林下路,75757,1994年,70年,1.20,30.0%,1,15.00元/平米/月,住宅
名门越秀,越秀-北京路-万福路291-295号,90572,2011年,70年,3.30,35.0%,1,2.80元/平米/月,住宅
汉苑(越秀),越秀-五羊新城-明月一路59号,105941,2004年,70年,6.20,55.0%,1,2.00元/平米/月,住宅
银基金湾,越秀-越秀南-越秀南路1号,60258,2009年,70年,9.17,35.0%,1,2.80元/平米/月,住宅
东兴小区,越秀-五羊新城-东兴北路1-102号,46659,1995年,70年,2.60,40.0%,0,0.65元/平米/月,住宅
东川大厦,越秀-东川-东川路6号,74501,2002年,70年,2.00,30.0%,1,1.50元/平米/月,住宅
麓湖轩,越秀-小北-麓湖路9号,60443,2016年,70年,6.00,30.0%,1,2.80元/平米/月,住宅
东湖肯辛顿,越秀-东湖-东湖西路30-44号,72195,2009年,70年,3.80,30.0%,0,0.60元/平米/月,住宅
大沙头三马路大院,越秀-东湖-大沙头三马路9-11号,42771,1993年,70年,1.20,20.0%,0,0.50元/平米/月,住宅
朝天路大院,越秀-西门口-朝天路,35000,1994年,70年,2.60,25.0%,0,0.80元/平米/月,住宅
洪都大厦,越秀-黄花岗-先烈中路81号,66537,2009年,70年,2.50,30.0%,0,0.90元/平米/月,住宅
桂花岗小区,越秀-解放北-桂花路1-2号,39426,1996年,70年,2.50,40.0%,1,1.00元/平米/月,住宅
东山紫园,越秀-东风东-东风东路745号,82022,2007年,70年,7.39,35.0%,1,2.60元/平米/月,住宅
保利麓苑,越秀-淘金-麓苑路33号,62677,2006年,70年,8.03,30.0%,1,1.85元/平米/月,住宅
农林上路小区,越秀-农林下路-农林下路,66682,1995年,70年,1.50,35.0%,0,2.40元/平米/月,住宅
城启波尔多庄园,越秀-淘金-淘金东路141号,52757,2002年,70年,4.00,22.0%,0,2.10元/平米/月,住宅
大东门华庭,越秀-农讲所-中山四路6-8号,67182,2005年,70年,1.72,40.0%,1,1.80元/平米/月,住宅
恤孤院路小区,越秀-东山口-恤孤院路,72182,1992年,70年,3.00,30.0%,0,0.50元/平米/月,住宅
华侨新村和平路小区,越秀-环市东-和平路,88670,1990年,70年,1.50,20.0%,0,0.50元/平米/月,住宅
万艺国际精品广场,越秀-海珠广场-侨光路10-12号,29292,2014年,70年,3.00,15.0%,1,3.50元/平米/月,住宅
天锦大厦,越秀-中山路-中山一路41号,55327,1996年,70年,2.12,41.0%,1,1.00元/平米/月,住宅
金宝怡庭,越秀-东川-中山三路125-127号,54745,2006年,70年,2.50,16.0%,1,1.90元/平米/月,住宅
东方花苑,越秀-杨箕-广州大道中353-367号,47665,1994年,70年,5.00,38.0%,1,2.00元/平米/月,住宅
东悦居,越秀-五羊新城-寺右北二街20号,60000,2000年,70年,2.50,40.0%,0,1.95元/平米/月,住宅
凯旋会花园,越秀-五羊新城-明月一路11-23号,117854,2004年,70年,7.50,65.0%,1,4.00元/平米/月,住宅
水均大街小区,越秀-东风东-水均大街,49304,1992年,70年,2.00,35.0%,1,0.50元/平米/月,住宅
小北路小区,越秀-小北-小北路,53440,1998年,70年,2.56,26.0%,1,1.80元/平米/月,住宅
颐景轩,越秀-五羊新城-江月路13-17号,95333,2001年,70年,2.50,20.0%,1,3.80元/平米/月,住宅
青菜东社区,越秀-建设-华乐路,45388,2006年,70年,2.50,34.0%,0,2.00元/平米/月,住宅
羊和园,越秀-共和路-共和三路9号,68599,1997年,70年,2.50,40.0%,1,0.75元/平米/月,住宅
锦桦大厦,越秀-东川-东华东路351号,62255,2001年,70年,6.93,20.0%,1,1.50元/平米/月,住宅
东华东路小区,越秀-东山口-东华东路,63346,1990年,70年,1.20,20.0%,0,0.50元/平米/月,住宅
执信南路小区,越秀-农林下路-执信南路,51294,1999年,70年,2.50,30.0%,1,1.10元/平米/月,住宅
北秀花园(越秀),越秀-小北-天香街3-9号,74931,1993年,70年,3.70,31.0%,1,1.80元/平米/月,住宅
珠光小北御景,越秀-小北-小北路198号,92605,2009年,70年,2.50,25.0%,1,2.50元/平米/月,住宅
盈基大厦,越秀-东湖-东船上街街口1号,49690,2001年,70年,2.50,30.0%,1,1.20元/平米/月,住宅
御东和府,"越秀-农林下路-农林下路35,39号",79895,2009年,70年,2.50,30.0%,1,2.70元/平米/月,住宅
德安大厦,越秀-建设-建设四马路3号,71240,2004年,70年,2.50,10.0%,1,1.98元/平米/月,住宅
越华路小区,越秀-北京路-越华路,36934,2014年,70年,2.50,36.0%,1,0.60元/平米/月,住宅
新世界棕榈园,越秀-二沙岛-大通路25号,169740,2000年,70年,1.20,34.0%,1,6.60元/平米/月,住宅
方兴竹雅苑,越秀-流花-温泉新街14-20号,42870,2015年,70年,2.19,37.0%,1,2.60元/平米/月,住宅
东园新村(越秀),越秀-中山路-农林东路,58695,1980年,70年,2.80,36.0%,0,1.20元/平米/月,住宅
百好居,越秀-东山口-中山一路96-98号,67970,1995年,70年,3.60,29.0%,1,1.20元/平米/月,住宅
逸雅居,越秀-建设-建设大马路8-5号,66086,2000年,70年,2.43,30.0%,0,2.30元/平米/月,住宅
建设四马路小区,越秀-建设-建设四马路26-43号,51509,1996年,70年,1.80,26.0%,1,0.90元/平米/月,住宅
北京大厦,越秀-北京路-北京路68号,59591,1999年,70年,2.50,25.0%,0,1.90元/平米/月,住宅
海印花园,越秀-大沙头-大沙头马路27号之1,62154,1999年,70年,6.17,30.0%,1,0.90元/平米/月,住宅
和风雅居,越秀-东山口-梅花路8号,73500,2002年,70年,3.80,35.0%,1,2.10元/平米/月,住宅
精彩生活大厦,越秀-北京路-文明路36-48号,76541,2011年,70年,2.50,30.0%,0,0.90元/平米/月,住宅
仁安新街大院,越秀-小北-小北路202号,56576,1996年,70年,1.90,38.0%,1,0.90元/平米/月,住宅
联发名阁,越秀-东川-东华南路172号,59940,2000年,70年,5.21,20.0%,1,1.80元/平米/月,住宅
东山锦轩,越秀-东山口-农林下路4-6号,72529,2002年,70年,7.50,10.0%,1,2.40元/平米/月,住宅
仓前大厦,越秀-西门口-仓前街58号,32857,2001年,70年,3.10,16.8%,1,1.20元/平米/月,住宅
广轻大院,越秀-盘福-医国后街1号,41747,1990年,70年,1.50,20.0%,0,0.90元/平米/月,住宅
五羊新城(E区),越秀-五羊新城-寺右南三街,48085,1991年,70年,2.00,40.0%,1,0.50元/平米/月,住宅
华侨新村光明路小区,越秀-淘金-光明路,69479,1998年,70年,2.00,24.0%,0,0.50元/平米/月,住宅
嘉富广场,越秀-水荫路-水荫横路55-63号,60902,2004年,70年,4.60,40.0%,1,2.50元/平米/月,住宅
大德路小区,越秀-西门口-大德路135号,26724,1995年,70年,2.30,12.0%,0,0.90元/平米/月,住宅
银山大厦,越秀-农讲所-仓边路93-95号,62712,1999年,70年,1.00,20.0%,0,0.90元/平米/月,住宅
粤港大厦,越秀-东山口-龟岗大马路4号,71494,1999年,70年,5.65,21.0%,1,1.05元/平米/月,住宅
海珠中路小区,越秀-西门口-海珠中路169号,29606,1995年,70年,1.50,25.0%,1,1.00元/平米/月,住宅
象岗山小区,越秀-解放北-解放北路,36093,2005年,70年,1.50,35.0%,1,1.00元/平米/月,住宅
荔湾西华路小区,荔湾-陈家祠-西华路300-600号,31382,1994年,70年,3.11,17.0%,1,0.90元/平米/月,住宅
广东省地质局大院,越秀-东风东-东风东路741号,44540,2005年,70年,2.00,12.0%,0,1.00元/平米/月,住宅
广东电视台大院,越秀-环市东-环市东路331-333号,57142,1991年,70年,2.50,30.0%,1,1.20元/平米/月,住宅
聚龙明珠花园,越秀-二沙岛-大通路,123134,2002年,70年,1.33,30.0%,1,4.00元/平米/月,住宅
东山公馆,越秀-农林下路-农林下路11号,58212,2005年,70年,2.50,30.0%,1,1.80元/平米/月,住宅
越秀花苑大厦,越秀-小北-小北路219-233号,52825,1997年,70年,4.20,38.0%,1,1.80元/平米/月,住宅
天秀大厦,越秀-小北-环市中路300号,38200,1995年,70年,2.10,10.0%,1,1.40元/平米/月,住宅
青龙坊小区,越秀-建设-青龙坊,42895,2002年,70年,1.60,40.0%,1,0.60元/平米/月,住宅
梅花路电力设计院宿舍,越秀-东风东-梅花路65号,70711,1999年,70年,2.00,35.0%,0,0.60元/平米/月,住宅
嘉骏苑,越秀-东川-白云路89号,50925,1999年,70年,4.20,36.0%,0,1.50元/平米/月,住宅
盘福社区,越秀-盘福-盘福路,44980,1992年,70年,1.50,20.0%,1,0.50元/平米/月,住宅
黄华路小区,越秀-建设-黄华路,48267,1990年,70年,2.00,34.0%,1,0.80元/平米/月,住宅
豪贤路小区,越秀-农讲所-豪贤路85-178号,43058,1970年,70年,2.57,35.0%,1,暂无,住宅
豆腐寮,越秀-小北-大华街12号,64361,2001年,70年,3.50,35.0%,1,0.60元/平米/月,住宅
新河浦雅居小区,越秀-东山口-恤孤院路11号,77941,1999年,70年,4.70,30.0%,1,1.20元/平米/月,住宅
五号公馆,越秀-北京路-北京路5号,68083,2009年,70年,2.50,80.0%,1,2.50元/平米/月,住宅
华荟大厦,越秀-北京路-万福路19-95号,55544,2003年,70年,2.50,22.0%,1,1.30元/平米/月,住宅
金麓山庄,越秀-麓湖-下塘西路131-157号,36461,2004年,70年,6.80,41.0%,1,1.50元/平米/月,住宅
海景农林华府,越秀-农林下路-犀牛路,89500,2013年,70年,9.55,30.0%,1,3.80元/平米/月,住宅
水荫翠苑,越秀-水荫路-水荫路70-80号,66521,2005年,70年,4.00,20.0%,1,1.30元/平米/月,住宅
荣华南社区,越秀-东川-荣华南62号,50802,1997年,70年,1.65,20.0%,1,0.50元/平米/月,住宅
丽苑大厦(越秀),越秀-东川-东华西路113号,40897,1999年,70年,2.50,20.0%,1,1.00元/平米/月,住宅
三眼井小区,越秀-小北-应元路,62872,2000年,70年,1.50,30.0%,1,0.90元/平米/月,住宅
嘉洲翠庭,"越秀-小北-应元路113号,115号",81952,2001年,70年,2.70,30.0%,1,2.50元/平米/月,住宅
菜园东小区,越秀-东山口-东华东街,51397,1992年,70年,1.20,35.0%,1,0.50元/平米/月,住宅
宜安里,越秀-北京路-宜安里1号,44883,2000年,70年,1.50,30.0%,0,0.90元/平米/月,住宅
海印苑小区,越秀-东湖-合群一马路133-135号,69084,1999年,70年,4.46,32.0%,1,0.90元/平米/月,住宅
金亚花园,越秀-二沙岛-大通路,146892,1998年,70年,0.28,40.0%,0,6.90元/平米/月,住宅
金贵小区,越秀-广园东-金贵街,25250,1998年,70年,2.50,30.0%,1,0.50元/平米/月,住宅
朱紫寮,越秀-小北-朱紫寮1-52号,55705,2000年,70年,2.32,30.0%,0,0.90元/平米/月,住宅
越秀北路小区,越秀-小北-越秀北路81号,52602,1997年,70年,2.60,28.0%,1,0.65元/平米/月,住宅
广州海运集团明月住宅小区,越秀-五羊新城-明月一路60号,64847,1996年,70年,2.70,12.0%,0,0.90元/平米/月,住宅
绿景东山华庭,越秀-大沙头-东船上街14-42号,67314,2007年,70年,2.23,30.8%,1,2.50元/平米/月,住宅
花园新村,越秀-大沙头-大沙头二马路38号,36694,2008年,70年,4.00,40.0%,1,0.60元/平米/月,住宅
东雅轩小区,越秀-东山口-中山二路菜园东19号,60511,2001年,70年,3.40,30.0%,0,1.80元/平米/月,住宅
启明社区,越秀-东山口-启明横马路17号,87000,1989年,70年,1.20,38.0%,0,0.50元/平米/月,住宅
水荫路45号大院,越秀-水荫路-水荫路45号,44871,1999年,70年,1.50,20.0%,1,0.90元/平米/月,住宅
北较场横路18号大院,越秀-建设-北较场横路18号,32200,1990年,70年,1.20,35.0%,1,2.30元/平米/月,住宅
好世界公寓,越秀-建设-建设五马路29号,48706,2006年,70年,2.50,20.0%,1,3.80元/平米/月,住宅
一德花园,越秀-解放南-解放南路与一德路交叉路端,42008,1997年,70年,4.97,15.0%,1,2.00元/平米/月,住宅
雅景花园,越秀-水荫路-水荫路29号,47600,1999年,70年,3.30,20.0%,1,2.00元/平米/月,住宅
淘金北路正平北街小区,越秀-淘金-正平北街,45800,1990年,70年,2.10,20.0%,1,1.20元/平米/月,住宅
较场东路小区,越秀-东川-较场东路5-14号,56764,1995年,70年,2.36,23.54%,0,0.68元/平米/月,住宅
光塔路小区,越秀-西门口-光塔路,34081,2007年,70年,3.50,30.0%,0,1.20元/平米/月,住宅
富宏花园,越秀-小北-应元路76号,61411,2008年,70年,2.66,37.0%,1,1.70元/平米/月,住宅
东山欣园,越秀-五羊新城-寺右一马路189-193号,98652,2007年,70年,3.80,35.0%,1,2.50元/平米/月,住宅
德兴苑,越秀-解放南-一德路398-400号,35200,1998年,70年,2.50,30.0%,1,1.50元/平米/月,住宅
淘金半山豪庭,越秀-淘金-淘金街12号,90542,2021年,70年,3.19,33.0%,1,6.19元/平米/月,住宅
黄花新村,越秀-环市东-环市东路,43750,1996年,70年,1.00,35.0%,1,1.50元/平米/月,住宅
福恩里小区,越秀-北京路-中山四路,47661,1990年,70年,2.00,33.0%,0,1.00元/平米/月,住宅
珠江园,越秀-北京路-文德南路58号,43510,1995年,70年,2.00,40.0%,1,0.90元/平米/月,住宅
文德雅轩,越秀-北京路-聚仁坊9号,74090,2003年,70年,5.00,30.0%,1,2.00元/平米/月,住宅
小北大厦,越秀-小北-小北路126-134号,59188,1995年,70年,2.85,15.0%,1,0.90元/平米/月,住宅
嘉颐居,"越秀-建设-建设二马路东六街9号,10号",72430,2005年,70年,9.23,46.0%,1,1.80元/平米/月,住宅
越秀南社区,越秀-农讲所-越秀南路,60789,1995年,70年,1.50,20.0%,0,0.90元/平米/月,住宅
淘金公馆,越秀-淘金-淘金东路100号,60866,2006年,70年,5.30,40.0%,0,1.00元/平米/月,住宅
侨福苑,越秀-淘金-淘金坑66-68号,49798,1995年,70年,1.60,20.0%,1,2.60元/平米/月,住宅
小石街新街小区,越秀-小北-小石街新街,66133,1996年,70年,1.50,16.0%,0,0.90元/平米/月,住宅
仰忠街小区,越秀-北京路-仰忠街,61929,1980年,70年,2.00,15.0%,1,0.80元/平米/月,住宅
城启恒华阁,越秀-淘金-淘金北路71-73号,55071,2003年,70年,5.00,30.0%,1,1.30元/平米/月,住宅
水荫路34号大院,越秀-水荫路-水荫路34号,65478,1992年,70年,1.50,40.0%,1,0.60元/平米/月,住宅
花果山庄,越秀-环市东-西胜街,36000,2000年,70年,2.65,50.0%,1,1.00元/平米/月,住宅
署前二街小区,越秀-东山口-署前二街,49933,1996年,70年,2.00,20.0%,1,1.00元/平米/月,住宅
魁巷小区,越秀-北京路-解放中路,33293,1996年,70年,2.00,20.0%,1,10.00元/平米/月,住宅
科苑社区,越秀-黄花岗-先烈中路81号,48565,2004年,70年,2.60,30.0%,1,0.90元/平米/月,住宅
清水濠小区,越秀-农讲所-德政中路,43710,1996年,70年,4.00,40.0%,1,0.50元/平米/月,住宅
广信顺景大厦,越秀-五羊新城-东山寺右二横路19号,49074,1998年,70年,2.50,10.0%,1,1.20元/平米/月,住宅
建设三马路小区,越秀-建设-建设三马路,48544,1996年,70年,2.00,10.0%,0,0.90元/平米/月,住宅
国投宿舍,越秀-建设-黄华路14号,42563,1995年,70年,2.00,10.0%,0,2.00元/平米/月,住宅
环市东路468号大院,越秀-环市东-环市东路468号,51020,1995年,70年,1.50,20.0%,1,0.90元/平米/月,住宅
富力宜居,越秀-东川-广九大马路13号,56223,2006年,70年,4.68,20.0%,0,2.00元/平米/月,住宅
中山六路小区,越秀-西门口-中山六路,38091,1990年,70年,2.60,15.0%,0,0.90元/平米/月,住宅
中曦大厦,越秀-解放南-解放中路306号,48500,2001年,70年,7.61,34.0%,1,2.00元/平米/月,住宅
新达城公寓,越秀-水荫路-水荫二横路27号,48718,2000年,70年,4.00,15.0%,1,1.98元/平米/月,住宅
金迪大厦,越秀-杨箕-泰兴直街50号,47911,1999年,70年,5.01,10.0%,1,1.30元/平米/月,住宅
金山阁,越秀-五羊新城-文化里11号,58156,2000年,70年,2.50,10.0%,1,1.80元/平米/月,住宅
吉庆东小区,越秀-农讲所-吉庆东路2-4号,36600,1990年,70年,1.20,20.0%,1,0.50元/平米/月,住宅
康丽居,越秀-北京路-德政中路19号,57695,2000年,70年,2.50,20.0%,1,1.50元/平米/月,住宅
共和二路小区,越秀-共和路-共和二路,64915,1997年,70年,2.30,20.0%,0,0.50元/平米/月,住宅
东华西仁秀里,越秀-东川-仁秀里,35680,1995年,70年,2.80,42.0%,1,0.50元/平米/月,住宅
广工大院,越秀-环市东-环市东路463号,50958,1991年,70年,1.39,40.0%,1,1.00元/平米/月,住宅
海印综合大楼,越秀-大沙头-沿江东路429号,57906,2002年,70年,2.50,30.0%,0,0.90元/平米/月,住宅
白云路45号小区,越秀-东川-白云路45号,29400,1999年,70年,1.20,20.0%,0,0.50元/平米/月,住宅
达道雅轩,越秀-共和路-共和西路2-4号,77147,2011年,70年,5.00,30.0%,1,0.90元/平米/月,住宅
狮带岗小区,越秀-麓湖-麓景路,36953,1997年,70年,2.60,25.0%,1,0.40元/平米/月,住宅
麓景雅苑,越秀-麓湖-麓景路86-98号,53571,2006年,70年,3.20,30.0%,1,2.00元/平米/月,住宅
惠雅阁,越秀-东风东-东风东路617号,39600,2000年,70年,2.50,10.0%,1,1.80元/平米/月,住宅
濠畔商厦,越秀-一德路-海珠南路276-296号,11434,1999年,70年,2.50,15.0%,1,2.80元/平米/月,住宅
大新大厦,越秀-解放南-大新路280-314号,36355,2006年,70年,3.00,28.0%,1,1.20元/平米/月,住宅
天兴大厦,越秀-中山路-中山一路21-23号,39400,1997年,70年,4.55,32.0%,1,0.90元/平米/月,住宅
泰峰大厦,越秀-盘福-盘福路22-2号,46200,2005年,70年,3.80,26.0%,1,1.30元/平米/月,住宅
山海城,越秀-解放南-一德路369-373号,43600,2002年,70年,2.50,30.0%,0,1.60元/平米/月,住宅
中山四路小区,越秀-农讲所-中山四路166号,39119,1995年,70年,2.50,35.0%,0,1.20元/平米/月,住宅
淘金花园,越秀-淘金-恒福路108号,40000,1993年,70年,2.80,25.0%,1,2.10元/平米/月,住宅
颐和雅轩,越秀-小北-洪桂新街1-5号,90000,2010年,70年,2.50,35.0%,1,2.60元/平米/月,住宅
俊逸阁,越秀-农讲所-大塘街62-66号,56943,2005年,70年,2.50,30.0%,1,1.50元/平米/月,住宅
丽水坊小区,越秀-北京路-越秀南路,41000,1997年,70年,2.00,40.0%,0,2.50元/平米/月,住宅
麓湖盛景,越秀-麓湖-麓景西路36号,44200,2004年,70年,3.50,28.6%,1,2.50元/平米/月,住宅
惠福西路大院,越秀-西门口-惠福西路,27540,1990年,70年,1.50,10.0%,1,0.90元/平米/月,住宅
广信黄田小区,越秀-麓湖-麓景路113号,37400,1990年,70年,2.00,35.0%,1,0.80元/平米/月,住宅
东兴南路小区,越秀-五羊新城-东兴南路1-109号,45000,1993年,70年,2.60,35.0%,0,暂无,住宅
仓边路小区,越秀-农讲所-仓边路32号,48234,1996年,70年,2.50,36.0%,1,1.10元/平米/月,住宅
二沙岛云影花园,越秀-二沙岛-云影街,127493,1999年,70年,1.00,17.0%,1,3.50元/平米/月,住宅
天河区政府机关宿舍,越秀-环市东-云鹤南街18号,36800,2000年,70年,1.20,30.0%,0,0.80元/平米/月,住宅
农林上路一横路大院,越秀-东风东-农林上路一横路,72575,1987年,70年,2.70,32.0%,0,1.20元/平米/月,住宅
九功坊,越秀-小北-东风中路,32200,2015年,70年,0.80,20.0%,0,0.90元/平米/月,住宅
较场小苑,越秀-东川-较场东路,46800,1995年,70年,2.84,36.5%,0,1.50元/平米/月,住宅
东兴北路62-68号小区,越秀-五羊新城-东兴北路62-68号,47302,2006年,70年,1.20,30.0%,0,1.00元/平米/月,住宅
海印东山100,越秀-大沙头-东华南路100号,71374,2010年,70年,2.60,30.0%,1,2.80元/平米/月,住宅
东环路6号大院,越秀-东风东-东环路6号,52805,2001年,70年,1.20,30.0%,1,1.15元/平米/月,住宅
淘金雅苑,越秀-淘金-淘金路163号,53236,2000年,70年,4.20,40.0%,1,0.90元/平米/月,住宅
山河后街小区,越秀-东山口-山河后街,52706,1996年,70年,2.00,23.0%,0,1.00元/平米/月,住宅
四圣街大院,越秀-东川-东华西路226-238号,40436,1988年,70年,0.90,30.0%,1,0.50元/平米/月,住宅
山河东街小区,越秀-东山口-山河东街,61922,1994年,70年,2.30,12.0%,1,0.60元/平米/月,住宅
水荫直街小区,越秀-水荫路-水荫直街,43107,1992年,70年,3.00,35.0%,1,3.50元/平米/月,住宅
龟岗四马路小区,越秀-东山口-龟岗四马路,59306,1993年,70年,2.00,30.0%,0,1.20元/平米/月,住宅
明月二巷小区,越秀-五羊新城-明月二路,46200,1998年,70年,1.50,20.0%,0,0.60元/平米/月,住宅
共和西小区,越秀-共和路-共和西路1号,67857,2006年,70年,1.50,33.0%,1,0.61元/平米/月,住宅
法政社区,"越秀-小北-登瀛路3之1,5之1,7-10号",54500,1998年,70年,1.20,20.0%,0,0.50元/平米/月,住宅
仓前街小区,越秀-西门口-仓前街,28808,1995年,70年,2.49,29.0%,1,1.20元/平米/月,住宅
东兴大厦,越秀-东风东-环市东路492号,38688,1990年,70年,3.90,25.0%,0,1.80元/平米/月,住宅
越秀解放北路小区,越秀-解放北-解放北路,39443,1996年,70年,3.20,38.0%,0,0.40元/平米/月,住宅
永怡新都,越秀-黄花岗-永福路8号,45600,2005年,70年,4.00,48.0%,1,2.00元/平米/月,住宅
五矿大院,越秀-大沙头-大沙头路19号,38433,1995年,70年,1.20,20.0%,0,0.50元/平米/月,住宅
愉景大厦,越秀-五羊新城-寺右二马路16-18号,43800,2000年,70年,2.50,30.0%,1,1.70元/平米/月,住宅
培正路小区,越秀-东山口-培正路,88301,1993年,70年,1.50,30.0%,1,0.30元/平米/月,住宅
凯城华庭,越秀-黄花岗-先烈中路83号,47000,2003年,70年,7.30,37.0%,1,1.80元/平米/月,住宅
六榕路小区,越秀-西门口-六榕路,36820,1989年,70年,2.60,35.0%,1,1.00元/平米/月,住宅
明达大厦,越秀-小北-应元路46-48号,71257,1999年,70年,2.69,28.0%,1,0.90元/平米/月,住宅
建设六马路小区,越秀-建设-建设六马路,44400,1981年,70年,3.40,30.0%,0,1.80元/平米/月,住宅
司马街大院,越秀-西门口-司马街,39332,1998年,70年,2.51,25.0%,0,0.90元/平米/月,住宅
翰林阁,越秀-黄花岗-先烈中路82-1号,53000,2000年,70年,3.10,35.0%,1,1.90元/平米/月,住宅
第一津街小区,越秀-西门口-第一津街,28796,1996年,70年,2.53,14.1%,1,1.20元/平米/月,住宅
东堤水岸,越秀-越秀南-东沙角路35-37号,63704,2007年,70年,8.30,30.0%,1,1.80元/平米/月,住宅
东鸣轩,越秀-农讲所-中山四路199-231号,69852,2000年,70年,2.60,36.0%,1,1.98元/平米/月,住宅
丛桂坊,越秀-五羊新城-达道路4号,45600,2000年,70年,1.00,30.0%,0,1.20元/平米/月,住宅
二沙岛岭南会公寓,越秀-二沙岛-晴波路15-25号,126436,1997年,70年,1.46,60.0%,0,5.00元/平米/月,住宅
海珠北路大院,越秀-西门口-海珠北路67号,30022,1990年,70年,1.50,20.0%,0,1.20元/平米/月,住宅
中海锦城南苑,越秀-东山口-中山一路,96000,2006年,70年,3.27,36.0%,1,4.00元/平米/月,住宅
西华二巷小区,越秀-解放北-西华二巷,36800,1995年,70年,2.00,30.0%,0,0.50元/平米/月,住宅
五羊新城(B区),越秀-五羊新城-寺右南北路,42746,1985年,70年,1.00,25.0%,0,1.50元/平米/月,住宅
应元宫道小区,越秀-小北-应元路23号,66124,1996年,70年,2.51,35.0%,0,0.50元/平米/月,住宅
寺右东小区,越秀-五羊新城-寺右四巷1号,42400,1991年,70年,2.00,21.0%,1,0.90元/平米/月,住宅
五羊新城(A区),越秀-五羊新城-寺右路,45800,1993年,70年,3.00,20.0%,1,0.50元/平米/月,住宅
水荫西约小区,越秀-东风东-水荫路13-15号,41037,2015年,70年,1.20,30.0%,1,0.50元/平米/月,住宅
碧翠苑,越秀-小北-下塘西路435号,31800,2002年,70年,3.60,30.0%,1,0.90元/平米/月,住宅
文明路小区,越秀-北京路-文明路,42342,1995年,70年,1.50,20.0%,0,0.90元/平米/月,住宅
艺轩小区,越秀-东湖-沿江东路419号,45800,1994年,70年,3.00,40.0%,1,0.50元/平米/月,住宅
永福西约,越秀-黄花岗-永福路5-183号,33200,1995年,70年,3.40,20.0%,1,0.90元/平米/月,住宅
宜安小区,越秀-建设-建设六马路53号,45600,1996年,70年,2.00,10.0%,1,0.50元/平米/月,住宅
水荫路大院,越秀-水荫路-水荫路52-54号,37800,1995年,70年,1.00,30.0%,1,0.80元/平米/月,住宅
文德路大院,越秀-北京路-文德路48号,52500,1995年,70年,1.20,28.0%,0,1.00元/平米/月,住宅
应元大厦,越秀-小北-应元路121-127号,61825,1997年,70年,3.80,20.0%,1,1.60元/平米/月,住宅
下塘西大院,越秀-麓湖-下塘西35-610号,34755,2000年,70年,2.36,25.0%,1,1.00元/平米/月,住宅
龙湖大厦,越秀-大沙头-东湖路128号,61537,2000年,70年,1.83,25.0%,1,2.50元/平米/月,住宅
东川路小区,越秀-东川-东川路,52464,1989年,70年,1.80,16.0%,1,0.60元/平米/月,住宅
诗书路小区,越秀-解放南-诗书路56号,31333,1995年,70年,1.20,20.0%,1,0.50元/平米/月,住宅
君铂国际,越秀-东风东-东风东路701号,52500,2005年,70年,1.92,29.0%,1,2.50元/平米/月,住宅
机务段小区,越秀-流花-机务段大街,22164,1998年,70年,2.52,14.4%,1,0.80元/平米/月,住宅
保安前街小区,越秀-东山口-保安前街10-20号,51000,1997年,70年,2.40,18.0%,1,1.00元/平米/月,住宅
越富广场,越秀-西门口-人民北路833-835号,32992,1998年,70年,2.80,28.5%,0,1.40元/平米/月,住宅
淘金街20号-34号小区,越秀-淘金-淘金街20-34号,50500,2000年,70年,1.50,30.0%,1,1.50元/平米/月,住宅
水荫小区,越秀-水荫路-水荫路,43316,1990年,70年,2.30,36.0%,1,0.50元/平米/月,住宅
较场西路13号大院,越秀-东川-较场西路13号,69751,1995年,70年,1.50,20.0%,1,0.80元/平米/月,住宅
解放中路小区,越秀-北京路-解放中路,36998,1965年,70年,3.60,35.0%,1,0.60元/平米/月,住宅
福泉街小区,越秀-西门口-福泉街,35833,1990年,70年,1.50,25.0%,0,1.00元/平米/月,住宅
海月街小区,越秀-东川-海月街,40891,1992年,70年,2.50,25.0%,0,1.20元/平米/月,住宅
北较场横路3号大院,越秀-建设-北较场横路3号,62933,1988年,70年,1.20,20.0%,0,0.50元/平米/月,住宅
中山三路小区,越秀-东川-中山三路,42363,1993年,70年,1.50,20.0%,0,0.90元/平米/月,住宅
东环大厦,越秀-环市东-环市东路474号,47211,2003年,70年,2.50,35.0%,1,5.00元/平米/月,住宅
永胜上沙小区,越秀-东湖-永胜上沙20号,42200,1996年,70年,1.56,35.0%,0,0.50元/平米/月,住宅
太和岗小区,越秀-黄花岗-太和岗路,46000,1998年,70年,2.00,16.0%,0,0.70元/平米/月,住宅
兴隆东社区,越秀-解放北-百灵路66号,42773,1999年,70年,2.47,20.0%,1,0.70元/平米/月,住宅
万福路小区,越秀-北京路-万福路349号,46035,1992年,70年,2.40,18.0%,0,0.80元/平米/月,住宅
太华坊,越秀-小北-小北路,50220,2000年,70年,2.48,22.0%,0,0.90元/平米/月,住宅
太平沙小区,越秀-北京路-北京南路,34171,2000年,70年,2.10,15.0%,1,1.20元/平米/月,住宅
深华大厦,越秀-五羊新城-新马路131-133号,48100,1998年,70年,1.50,35.0%,1,0.90元/平米/月,住宅
新城市玥秀,越秀-小北-洪桥街13-37号,75644,2005年,70年,3.60,42.0%,0,2.50元/平米/月,住宅
云鹤北街小区,越秀-黄花岗-云鹤北街,40800,1995年,70年,2.80,40.0%,0,2.00元/平米/月,住宅
淘金东路小区,越秀-淘金-淘金东路41-47号,43800,2003年,70年,2.80,32.0%,1,1.80元/平米/月,住宅
兴仁里小区,越秀-东川-兴仁里84号,34086,1995年,70年,3.00,17.0%,1,0.90元/平米/月,住宅
农林上路八横路大院,越秀-东山口-农林上路八横路,59391,1998年,70年,2.00,40.0%,0,0.90元/平米/月,住宅
麓景东大院,越秀-麓湖-麓景东路,35400,1992年,70年,2.30,30.0%,1,2.50元/平米/月,住宅
培正东街小区,越秀-东山口-培正东街,76160,2000年,70年,1.50,20.0%,0,0.50元/平米/月,住宅
牛乳基小区,越秀-东川-东川路,47694,1999年,70年,1.20,35.0%,1,0.55元/平米/月,住宅
绿荫路小区,越秀-大沙头-绿荫路3号,32400,1990年,70年,1.80,20.0%,1,1.60元/平米/月,住宅
环市东路466号大院,越秀-环市东-环市东路466号,49932,1994年,70年,2.50,35.0%,1,1.50元/平米/月,住宅
农林上路三横路大院,越秀-东山口-农林上路三横路,62000,1989年,70年,2.50,35.0%,0,1.50元/平米/月,住宅
农本新村,越秀-东山口-农林下路,54514,1999年,70年,1.20,35.0%,0,0.80元/平米/月,住宅
金东环大厦,越秀-环市东-环市东路476-2号,65000,2008年,70年,8.90,20.0%,1,1.50元/平米/月,住宅
建设横马路小区,越秀-建设-建设横马路,41400,1988年,70年,3.40,30.0%,1,0.90元/平米/月,住宅
水荫二横路小区,越秀-水荫路-水荫二横路1-11号,46600,1998年,70年,2.00,20.0%,1,1.20元/平米/月,住宅
世贸花园,越秀-淘金-淘金路54号,53296,2001年,70年,1.45,25.0%,1,1.80元/平米/月,住宅
青云直街小区,越秀-北京路-青云直街,45600,2008年,70年,1.20,30.0%,1,0.50元/平米/月,住宅
建雅台,越秀-东川-荣华南7-9,51219,1999年,70年,3.00,20.0%,1,1.50元/平米/月,住宅
环市东路公安宿舍,越秀-环市东-环市东路435号,45800,1991年,70年,2.50,35.0%,1,0.90元/平米/月,住宅
华乐路小区,越秀-建设-华乐路,46971,2015年,70年,1.50,26.0%,0,0.90元/平米/月,住宅
东雅兰院,越秀-杨箕-泰兴直街66号,56733,2011年,70年,2.00,23.0%,0,0.90元/平米/月,住宅
大华园宿舍,越秀-小北-应元路45号,51000,1990年,70年,1.50,20.0%,1,0.90元/平米/月,住宅
福今东路大院,越秀-东风东-福今东路,58823,1998年,70年,1.50,38.0%,0,10.00元/平米/月,住宅
鸿业大厦,越秀-五羊新城-东兴南路67号,54000,2000年,70年,7.93,30.0%,0,0.90元/平米/月,住宅
翰雅明轩,越秀-农讲所-中山四路34号,73602,2008年,70年,8.70,35.0%,1,2.00元/平米/月,住宅
东山龙珠大厦,越秀-农林下路-竹丝岗二马路5号,86519,2003年,70年,4.20,32.0%,1,2.50元/平米/月,住宅
东环路3号大院,越秀-环市东-东环路3号,52024,2005年,70年,2.00,12.0%,1,1.00元/平米/月,住宅
北园社区,越秀-小北-小北路218号,47043,1995年,70年,0.50,20.0%,1,0.90元/平米/月,住宅
百灵路小区,越秀-西门口-百灵路20号,44616,1995年,70年,2.50,35.0%,1,0.50元/平米/月,住宅
白云宾馆宿舍,越秀-淘金-淘金坑22-25号,45800,1998年,70年,2.50,20.0%,1,1.50元/平米/月,住宅
华友大厦,越秀-五羊新城-寺右新马路5号之五,52500,2005年,70年,2.50,30.0%,0,0.90元/平米/月,住宅
置地大厦,越秀-东川-较场西路6号,55904,2000年,70年,2.50,30.0%,0,0.90元/平米/月,住宅
东山京士柏,越秀-东川-东华东路558-598号,128208,2011年,70年,4.10,30.0%,1,0.90元/平米/月,住宅
嘉兰轩,越秀-西门口-大新路388号,52219,2020年,70年,2.00,30.0%,1,2.80元/平米/月,住宅
淘金坑小区,越秀-淘金-淘金坑34-53号,51772,1995年,70年,1.50,20.0%,0,0.90元/平米/月,住宅
先烈南路大院,越秀-建设-先烈南路21号,45315,1998年,70年,1.50,20.0%,1,1.00元/平米/月,住宅
粤海拾桂府,越秀-北京路-珠光路43-55号,101864,2017年,70年,7.84,32.7%,1,4.50元/平米/月,住宅
御龙国际商寓,越秀-流花-广园西路235号,23034,2008年,70年,4.80,30.0%,1,2.00元/平米/月,住宅
新河浦一横路小区,越秀-东湖-新河浦一横路16号,57500,2000年,70年,1.20,30.0%,0,0.50元/平米/月,住宅
五羊新城(C区),越秀-五羊新城-寺右路,45800,1995年,70年,2.00,40.0%,0,0.90元/平米/月,住宅
五羊北小区,越秀-五羊新城-寺右新马路,45400,1990年,70年,1.20,20.0%,1,0.60元/平米/月,住宅
雍雅园(越秀),越秀-农讲所-芳草街2号,74669,2001年,70年,2.50,33.0%,1,1.50元/平米/月,住宅
应元社区,越秀-小北-应元路29号,49064,2000年,70年,1.20,30.0%,0,0.50元/平米/月,住宅
水荫路56号大院,越秀-环市东-水荫路60号,45400,2000年,70年,1.50,30.0%,0,0.90元/平米/月,住宅
颐秀华庭,越秀-小北-应元路90号,79357,2003年,70年,2.80,52.0%,1,2.10元/平米/月,住宅
骏朗轩,越秀-建设-建设大马路23号,70385,2006年,70年,2.50,60.0%,1,1.80元/平米/月,住宅
牛皮巷小区,越秀-东山口-东湖路,61500,1995年,70年,1.50,20.0%,0,0.90元/平米/月,住宅
乐韵居,越秀-西门口-云路街1-15号,37200,2000年,70年,4.72,13.0%,1,0.80元/平米/月,住宅
聚仁坊小区,越秀-农讲所-德政中路183号,44613,1995年,70年,6.90,25.0%,0,0.90元/平米/月,住宅
共和路1-19号小区,越秀-共和路-共和路1-19号,66257,1999年,70年,1.50,30.0%,1,0.50元/平米/月,住宅
华丰大厦(越秀),越秀-东山口-新河浦路68号,58015,2000年,70年,2.30,30.0%,0,2.00元/平米/月,住宅
福地巷社区,越秀-西门口-纸行路128号,30788,1995年,70年,1.50,20.0%,0,0.90元/平米/月,住宅
接龙一巷小区,"越秀-小北-接龙一巷24-28号,30号,34-38号,46号,50-52号",50319,2006年,70年,1.20,30.0%,1,0.50元/平米/月,住宅
景华大厦,越秀-东川-东华西路150-152号,42754,1998年,70年,3.00,35.0%,0,1.20元/平米/月,住宅
寺右新马路小区,越秀-五羊新城-寺右新马路62号,44155,1980年,70年,1.50,20.0%,1,1.00元/平米/月,住宅
共和南小区,越秀-共和路-共和南路,46401,1992年,70年,3.00,20.0%,0,0.90元/平米/月,住宅
花城苑(越秀),越秀-二沙岛-松涛街,116444,1993年,70年,1.56,30.0%,0,0.90元/平米/月,住宅
水荫路86-96号小区,越秀-环市东-水荫路86-96号,43000,2000年,70年,1.50,30.0%,0,0.90元/平米/月,住宅
北京南路麦栏街小区,越秀-北京路-麦栏街,34051,2000年,70年,1.50,30.0%,0,0.90元/平米/月,住宅
方圆流花月岛,越秀-盘福-流花路109号,89000,2018年,70年,4.47,30.0%,1,2.50元/平米/月,住宅
市委党校大院,越秀-黄花岗-先烈中路99号,50500,1992年,70年,1.20,40.0%,0,0.50元/平米/月,住宅
大洋江畔雅苑,越秀-北京路-北京路,82239,2017年,70年,2.60,30.0%,1,2.80元/平米/月,住宅
世茂天越,越秀-杨箕-广州大道中193号,130957,2019年,70年,2.50,35.0%,1,4.22元/平米/月,住宅
德政南路小区,越秀-北京路-德政南路59号,35400,2004年,70年,1.50,30.0%,0,0.90元/平米/月,住宅
青菜岗小区,越秀-建设-青菜岗44-51号,54385,1998年,70年,1.20,20.0%,0,0.50元/平米/月,住宅
大沙头四马路小区,越秀-大沙头-大沙头四马路9号,45600,1993年,70年,1.50,20.0%,0,0.90元/平米/月,住宅
东华南路小区,越秀-东湖-东华南路132号,45096,2001年,70年,3.50,35.0%,1,1.00元/平米/月,住宅
光孝路小区,越秀-西门口-光孝路,30000,2008年,70年,2.00,20.0%,0,0.90元/平米/月,住宅
珠光街广舞台社区,越秀-东湖-东堤三马路,36394,1995年,70年,1.20,15.0%,0,0.50元/平米/月,住宅
瑞兴大厦,越秀-北京路-东风中路350号,49300,1992年,70年,2.50,20.0%,0,1.20元/平米/月,住宅
小石街小区,越秀-小北-小石街,60526,1995年,70年,1.50,20.0%,0,0.90元/平米/月,住宅
观绿路小区,越秀-西门口-观绿路11号,29800,1995年,70年,1.50,20.0%,1,1.00元/平米/月,住宅
山河大街大院,越秀-东山口-山河大街68号,87500,1998年,70年,1.20,30.0%,0,0.90元/平米/月,住宅
德安新街小区,越秀-东川-德安新街1-12号,43824,2006年,70年,1.50,30.0%,0,0.90元/平米/月,住宅
水荫路21号大院,越秀-水荫路-水荫路21-1号,45800,1998年,70年,1.50,20.0%,0,0.90元/平米/月,住宅
瓦窑街小区,越秀-东山口-瓦窑街,58500,1995年,70年,1.20,20.0%,0,0.50元/平米/月,住宅
东关汛小区,越秀-东川-中山三路东关汛,40907,1996年,70年,1.50,20.0%,0,0.90元/平米/月,住宅
马棚岗小区,越秀-东山口-马棚岗11号,52857,1995年,70年,1.50,30.0%,1,1.00元/平米/月,住宅
云泉新村,越秀-广园东-云泉路56号,28000,1996年,70年,2.00,30.0%,0,0.90元/平米/月,住宅
人民中路小区,"越秀-西门口-人民中路360号,362号",26200,1990年,70年,1.50,20.0%,0,0.90元/平米/月,住宅
六榕大厦,越秀-西门口-六榕路65号,50283,2001年,70年,2.50,20.0%,0,0.90元/平米/月,住宅
净慧街小区,越秀-西门口-净慧街1号,33529,2002年,70年,1.20,30.0%,0,0.50元/平米/月,住宅
广医小区,越秀-盘福-东风西路195号,47793,1996年,70年,2.54,38.0%,1,0.50元/平米/月,住宅
伟超置业大厦,越秀-东川-启正上街15-19号,44400,1998年,70年,2.50,18.0%,1,1.20元/平米/月,住宅
文德路文化大楼,越秀-北京路-文德北路170-174号,54000,1991年,70年,3.00,20.0%,0,1.20元/平米/月,住宅
执信南竹丝村,越秀-农林下路-执信南路,56687,2001年,70年,2.10,45.0%,1,0.50元/平米/月,住宅
韫祥楼,越秀-农讲所-德政中路238号,38800,1999年,70年,2.50,22.0%,1,1.20元/平米/月,住宅
长兴直街小区,越秀-越秀南-长兴直街,38307,1998年,70年,2.00,35.0%,0,0.90元/平米/月,住宅
越秀北路422-424号,越秀-小北-越秀北路422-424号,52000,1990年,70年,1.20,20.0%,0,0.50元/平米/月,住宅
越秀北市委大院,越秀-小北-越秀北路249号,55000,2000年,70年,1.20,30.0%,1,0.50元/平米/月,住宅
署前一街小区,越秀-东山口-署前一街,46800,1995年,70年,1.50,20.0%,0,0.50元/平米/月,住宅
挞子大街小区,越秀-小北-挞子大街,53500,2000年,70年,1.50,20.0%,1,1.00元/平米/月,住宅
拾桂坊小区,越秀-农讲所-德政中路364号之1,38600,1990年,70年,1.50,20.0%,0,0.40元/平米/月,住宅
山河后街61号大院,越秀-东山口-山河后街61号,64500,1991年,70年,1.20,23.0%,0,0.70元/平米/月,住宅
越秀北路234-246号宿舍,越秀-小北-越秀北路234-246号,56500,1990年,70年,1.20,20.0%,0,暂无,住宅
淘金街11-27号小区,越秀-淘金-淘金街11-27号,50000,2016年,70年,1.50,30.0%,0,1.20元/平米/月,住宅
永泰东约,越秀-淘金-环市东路,40000,1993年,70年,2.50,20.0%,0,0.90元/平米/月,住宅
下塘西小区,越秀-麓湖-下塘西路2-34号,32400,1998年,70年,2.50,52.0%,1,0.90元/平米/月,住宅
长庚门前街小区,越秀-东川-长庚门前街24号,42271,1982年,70年,1.00,30.0%,1,0.90元/平米/月,住宅
寺右二马路小区,越秀-五羊新城-寺右二马路33-39号,44600,1992年,70年,0.50,30.0%,0,0.50元/平米/月,住宅
水均南街大院,越秀-东风东-水均南街,46400,1992年,70年,1.50,30.0%,0,0.50元/平米/月,住宅
远洋小北宿舍,越秀-小北-环市中路319号,42400,1997年,70年,3.00,40.0%,1,0.80元/平米/月,住宅
寺贝通津1号大院,越秀-东山口-寺贝通津1号,51392,1999年,70年,1.50,20.0%,1,0.90元/平米/月,住宅
圣安苑,越秀-流花-广园西路,16666,2000年,70年,1.50,13.0%,0,0.40元/平米/月,住宅
明华轩,越秀-五羊新城-寺右一马路20号,62418,2000年,70年,2.30,30.0%,0,1.70元/平米/月,住宅
新华楼,越秀-水荫路-天河路20号,79500,2000年,70年,3.60,25.0%,1,1.20元/平米/月,住宅
名品居,越秀-中山路-中山一路51号,48500,2003年,70年,3.90,36.0%,1,2.50元/平米/月,住宅
青菜岗38号大院,越秀-建设-青菜岗38号,44400,1996年,70年,1.90,36.0%,0,0.50元/平米/月,住宅
九星巷,越秀-解放北-百灵路,41439,1992年,70年,2.00,35.0%,1,0.80元/平米/月,住宅
均益大厦,越秀-东山口-东华东路543号,68263,1999年,70年,5.60,20.0%,1,1.50元/平米/月,住宅
龟岗大马路小区,越秀-东山口-龟岗大马路,56500,1995年,70年,0.30,35.0%,0,0.50元/平米/月,住宅
黄华路40大院,越秀-建设-黄华路40号,52871,1988年,70年,1.20,20.0%,0,0.50元/平米/月,住宅
教工新村,越秀-东山口-保安南街34-40号,61359,1996年,70年,1.50,35.0%,1,0.90元/平米/月,住宅
华光街小区,越秀-小北-应元路,53313,1996年,70年,1.50,12.0%,0,0.90元/平米/月,住宅
农林上路四横路大院,越秀-东山口-农林上路四横路,67500,1998年,70年,2.00,40.0%,0,1.80元/平米/月,住宅
麓苑路30号院,越秀-淘金-麓苑路30号,42600,2015年,70年,1.20,30.0%,0,1.10元/平米/月,住宅
梅东小区,越秀-东风东-梅东路北段58号,48500,1992年,70年,2.20,40.0%,0,0.50元/平米/月,住宅
麓苑路31号院,越秀-淘金-麓苑路31号,43000,1995年,70年,1.20,20.0%,1,1.50元/平米/月,住宅
高知老干楼,越秀-淘金-淘金路56号,48000,1997年,70年,1.20,20.0%,1,0.50元/平米/月,住宅
寺贝底侧,越秀-五羊新城-共和大街,54930,1998年,70年,1.20,20.0%,0,0.50元/平米/月,住宅
青菜岗8-24号大院,越秀-建设-青菜岗8-24号,47471,1995年,70年,1.20,20.0%,0,0.50元/平米/月,住宅
农林上路二横路大院,越秀-东山口-农林上路二横路,67581,1992年,70年,1.00,40.0%,0,2.50元/平米/月,住宅
仑园社区,越秀-东山口-庙前西街22号,54000,1980年,70年,1.50,20.0%,0,0.90元/平米/月,住宅
金地大厦,越秀-淘金-淘金横街3号,51463,1998年,70年,2.65,42.0%,1,0.90元/平米/月,住宅
建设二马路小区,越秀-建设-建设二马路,48071,1992年,70年,2.00,35.0%,1,0.50元/平米/月,住宅
麓湖居,越秀-小北-麓景西路,33800,1999年,70年,1.30,40.0%,1,0.50元/平米/月,住宅
环市东路教育厅宿舍,越秀-环市东-环市东路461-4号,54500,2002年,70年,2.50,25.0%,0,0.80元/平米/月,住宅
梅东社区,越秀-农林下路-梅花路,56500,1995年,70年,1.20,20.0%,0,0.50元/平米/月,住宅
广信晖景大厦,越秀-五羊新城-广州大道中111-113号,47000,1993年,70年,2.50,30.0%,1,0.90元/平米/月,住宅
国利大厦,越秀-北京路-东园路36-38号,48776,1999年,70年,1.60,25.0%,1,1.50元/平米/月,住宅
华泉社区,越秀-流花-北站路6号,17500,2002年,70年,1.20,30.0%,1,0.50元/平米/月,住宅
福今东8号大院,越秀-东山口-福今路8号,58133,2015年,70年,1.50,30.0%,0,10.00元/平米/月,住宅
广发花园,越秀-东风东-环市东路498号,40580,1995年,70年,2.00,30.0%,1,2.00元/平米/月,住宅
东山领汇广场,越秀-中山路-中山一路59-63号,79263,2013年,70年,5.30,30.0%,1,2.70元/平米/月,住宅
东环路1号大院,越秀-东风东-东环路1号,54500,1988年,70年,2.00,26.0%,1,0.40元/平米/月,住宅
东环路2号大院,越秀-东风东-东环路2号,49100,1988年,70年,1.20,20.0%,0,0.60元/平米/月,住宅
恒福西苑,越秀-淘金-恒福路252-272号,43600,1992年,70年,2.60,40.0%,1,0.90元/平米/月,住宅
法政路69号后座小区,越秀-小北-法政路69号,66079,2006年,70年,1.20,30.0%,1,0.50元/平米/月,住宅
都府居住小区,越秀-公园前-正南路4号,47910,1995年,70年,2.36,17.0%,1,2.00元/平米/月,住宅
德心轩,越秀-东山口-庙前西街15-9号,68500,2005年,70年,2.00,30.0%,1,0.90元/平米/月,住宅
福今路3号大院,越秀-东风东-福今路3号,59712,1990年,70年,1.20,20.0%,1,0.50元/平米/月,住宅
芳草街小区,越秀-农讲所-芳草街63号,41781,1990年,70年,1.60,45.0%,0,1.20元/平米/月,住宅
东八街小区,越秀-建设-东八街4-12号,57226,1990年,70年,2.00,40.0%,0,1.20元/平米/月,住宅
东川一街小区,越秀-东川-东川路,52631,1992年,70年,2.50,30.0%,0,0.80元/平米/月,住宅
稻谷仓小区,越秀-西门口-六榕路,41653,1995年,70年,2.00,30.0%,0,1.20元/平米/月,住宅
八旗二马路小区,越秀-北京路-八旗二马路50-100号,37662,1999年,70年,2.00,20.0%,0,1.20元/平米/月,住宅
安利大厦,越秀-东湖-大沙头二马路47号,48128,1995年,70年,2.30,40.0%,1,1.80元/平米/月,住宅
白云路小区,越秀-东川-白云路中段34号,42647,1999年,70年,3.00,21.0%,0,0.80元/平米/月,住宅
新裕大厦,越秀-农林下路-农林下路81号1,21000,1997年,70年,3.80,20.0%,1,2.00元/平米/月,住宅
共和苑2,越秀-共和路-共和路18号,61500,1992年,70年,1.50,20.0%,1,1.20元/平米/月,住宅
华顺大厦,越秀-农讲所-豪贤路1号,43000,2001年,70年,2.65,10.0%,0,0.90元/平米/月,住宅
丽晶大厦,越秀-淘金-淘金路50号,42832,2003年,70年,4.50,20.0%,1,0.90元/平米/月,住宅
金悦东山国际公馆,越秀-黄花岗-永福路36号,43200,2008年,70年,2.50,26.5%,0,0.90元/平米/月,住宅
广梅汕铁路(梅花路)宿舍,越秀-杨箕-梅花路16号,58420,2016年,70年,2.50,30.0%,1,1.00元/平米/月,住宅
西华一巷,越秀-北京路-解放北路829号,34000,2000年,70年,1.50,30.0%,0,暂无,住宅
环市中路309号小区,越秀-小北-环市中路309号,41600,2000年,70年,1.50,30.0%,0,0.90元/平米/月,住宅
水荫路98-187号小区,越秀-水荫路-水荫路98-187号,24800,2000年,70年,1.50,30.0%,0,0.90元/平米/月,住宅
北京路小区,"越秀-北京路-北京路46,265,275,279号",40000,1996年,70年,1.50,20.0%,0,0.90元/平米/月,住宅
农林东路小区,越秀-东山口-农林东路26号,51000,1990年,70年,1.50,20.0%,0,0.90元/平米/月,住宅
纸行路小区,越秀-西门口-金紫坊3号,26000,1995年,70年,2.15,25.0%,0,0.90元/平米/月,住宅
杏花巷社区,越秀-西门口-杏花巷47号,28716,2002年,70年,1.50,30.0%,1,1.00元/平米/月,住宅
共和路35-37号小区,越秀-杨箕-共和路35-37号,56000,2006年,70年,1.50,30.0%,0,1.00元/平米/月,住宅
南坑东17号大院,越秀-小北-南坑东17号,32600,1995年,70年,1.50,20.0%,0,0.90元/平米/月,住宅
环市东路430-446号小区,越秀-环市东-环市东路430-446号,48500,1990年,70年,1.50,20.0%,0,暂无,住宅
文德南路大院,越秀-北京路-文德南路,39789,1995年,70年,1.50,20.0%,0,0.90元/平米/月,住宅
环市东路467-505号楼,越秀-水荫路-环市东路467-505号,45600,2006年,70年,2.50,30.0%,0,0.90元/平米/月,住宅
共和三路小区,越秀-共和路-共和三路,61038,1990年,70年,1.00,10.0%,0,0.50元/平米/月,住宅
新河浦别墅,越秀-东山口-新河浦路,85893,2002年,70年,0.50,38.0%,0,1.50元/平米/月,别墅
天字广场,越秀-解放南-沿江二路199-227号,49558,1996年,70年,8.50,20.0%,1,1.30元/平米/月,住宅
东山月府,越秀-五羊新城-寺右中街18号,89064,2013年,70年,7.50,35.0%,0,0.90元/平米/月,住宅
爱家园,越秀-越秀南-文德南路65号,54097,1999年,70年,7.20,30.0%,1,1.95元/平米/月,住宅
丽景台,越秀-五羊新城-东兴北路75-77号,64929,2001年,70年,8.60,30.0%,1,0.90元/平米/月,住宅
广东省气象局大院,越秀-东风东-福今路6号,65783,1998年,70年,1.20,20.0%,0,0.50元/平米/月,住宅
海谊百子大厦,越秀-东山口-百子横路3号,50995,2000年,70年,2.50,30.0%,0,1.30元/平米/月,住宅
东越雅居,越秀-北京路-越秀中路62号,69172,2009年,70年,1.55,22.01%,1,2.10元/平米/月,住宅
广怡大厦,越秀-建设-华乐路38号,81309,1999年,70年,4.20,10.0%,1,2.20元/平米/月,住宅
恒仕大厦,越秀-东川-永胜街50号,57504,2000年,70年,4.80,33.0%,1,1.50元/平米/月,住宅
新世界花园别墅,越秀-二沙岛-大通路,138739,2000年、2000年,70年,0.50,40.0%,0,7.00元/平米/月,别墅
华秀苑,越秀-流花-北站路35-41号,25931,1997年,70年,1.50,30.0%,1,1.10元/平米/月,住宅
仁康里,越秀-北京路-文明路,45630,2003年,70年,2.00,32.0%,0,1.50元/平米/月,住宅
泰康城文化广场,越秀-北京路-泰康路111号,46491,1996年,70年,3.50,20.0%,1,2.80元/平米/月,住宅
锦源国际公寓,越秀-北京路-北京路,34914,2007年,50年,4.50,25.0%,1,2.80元/平米/月,商住楼
雅荷塘小区,越秀-农讲所-荣桂里,47600,1990年,70年,2.50,20.0%,0,0.40元/平米/月,住宅
金濠大厦,越秀-建设-黄华路,54063,2000年,70年,2.50,15.0%,1,0.85元/平米/月,住宅
竹丝岗二马路小区,越秀-农林下路-竹丝岗二马路,38771,1992年,70年,2.30,12.0%,1,1.00元/平米/月,住宅
穗安楼,越秀-西门口-海珠中路288号,35200,2001年,70年,1.80,40.0%,1,0.90元/平米/月,住宅
上塘街大院,越秀-麓湖-麓景西路,25600,1995年,70年,1.50,18.0%,0,0.60元/平米/月,住宅
青龙里小区,越秀-东川-东川路75号,60447,1999年,70年,2.00,35.0%,1,0.80元/平米/月,住宅
德政北社区,越秀-农讲所-德政北路498号,46677,1999年,70年,2.60,36.0%,1,0.80元/平米/月,住宅
南越雅轩,越秀-北京路-越华路7号,50000,2004年,70年,1.80,30.0%,1,2.00元/平米/月,住宅
德意居,"越秀-农讲所-里仁坊12,14号",61159,2006年,70年,8.40,10.0%,1,1.90元/平米/月,住宅
永曜北街小区,越秀-北京路-永曜北街,34800,1995年,70年,1.50,20.0%,0,0.30元/平米/月,住宅
永胜华庭,越秀-东川-永胜街,43333,2000年,70年,2.50,42.0%,1,1.20元/平米/月,住宅
南濠街小区,越秀-解放中路-惠福西路,29000,1995年,70年,1.20,20.0%,0,0.50元/平米/月,住宅
洛桑美地,越秀-东川-云海通津11号,63465,2002年,70年,1.70,30.0%,1,1.20元/平米/月,住宅
雅景阁,越秀-农讲所-德政南路115-125号,42841,1998年,70年,3.00,40.0%,1,2.10元/平米/月,住宅
水均岗大院,越秀-杨箕-中山一路,50000,1989年,70年,2.50,23.0%,0,0.80元/平米/月,住宅
下塘新村,越秀-麓湖-麓景西路,36309,2000年,70年,1.30,23.0%,1,1.20元/平米/月,住宅
达道路松岗东,越秀-东山口-达道路17号,56500,1994年,70年,2.00,20.0%,1,1.00元/平米/月,住宅
东环路4号大院,越秀-东风东-东环路4号,43338,1990年,70年,1.50,33.0%,1,0.40元/平米/月,住宅
共和路43-60号小区,越秀-共和路-共和路43-60号,66153,1995年,70年,1.20,10.0%,0,0.50元/平米/月,住宅
菜园北小区,越秀-东山口-菜园北街10号,40200,1995年,70年,1.20,30.0%,0,0.50元/平米/月,住宅
濠畔街小区,越秀-解放南-濠畔街254号,24800,1993年,70年,1.50,20.0%,0,0.90元/平米/月,住宅
元运街小区,越秀-东川-东华西路,44582,2002年,70年,2.50,20.0%,1,0.90元/平米/月,住宅
龟岗三马路小区,越秀-东山口-龟岗三马路,61921,1990年,70年,3.50,30.0%,0,0.30元/平米/月,住宅
利福大厦,越秀-北京路-惠福东路558号,44878,2002年,70年,3.20,33.0%,0,1.70元/平米/月,住宅
人民街一德西社区,越秀-解放中路-一德路,30000,2014年,70年,1.20,30.0%,1,0.50元/平米/月,住宅
黄华路95号大院,越秀-建设-黄华路95号,59480,1988年,70年,2.00,20.0%,0,0.90元/平米/月,住宅
广九三马路7号大院,越秀-东湖-广九三马路,46022,1992年,70年,1.20,25.0%,0,0.50元/平米/月,住宅
越华大厦,越秀-东山口-榨粉街57号,34800,2000年,70年,1.80,35.0%,1,2.00元/平米/月,住宅
麓湖路3号大院,越秀-环市东-麓湖路3号,36200,1993年,70年,1.20,30.0%,0,0.50元/平米/月,住宅
广信汇景大厦,越秀-五羊新城-寺右新马路132-134号,46754,1998年,70年,2.31,35.0%,0,1.70元/平米/月,住宅
富临居,越秀-解放南-白薇街36-38号,33600,1993年,70年,1.50,40.0%,1,0.60元/平米/月,住宅
东川路91号大院,越秀-东川-东川路91号,74612,2000年,70年,2.50,40.0%,1,0.60元/平米/月,住宅
担干巷小区,越秀-北京路-担杆巷20号,40000,1996年,70年,1.50,20.0%,0,0.90元/平米/月,住宅
越秀宏城花园,越秀-二沙岛-粤台路,200326,2000年,70年,0.50,30.0%,1,9.80元/平米/月,别墅
五羊商住中心,越秀-五羊新城-寺右新马路138-158号,40200,2000年,70年,2.50,35.0%,0,0.90元/平米/月,住宅
印象东山大厦,越秀-东川-永安横街26号,68491,2007年,70年,2.50,30.0%,1,1.80元/平米/月,住宅
永泰路小区,越秀-淘金-永泰路10-16号,42092,1992年,70年,1.50,30.0%,1,0.50元/平米/月,住宅
群星大厦,越秀-东川-东华西路180号,50000,2002年,70年,1.60,35.0%,1,1.50元/平米/月,住宅
四方堂小区,越秀-盘福-人民北路626-644号,36000,1992年,70年,0.80,20.0%,1,0.50元/平米/月,住宅
东华西新街小区,越秀-东川-较场东路81号,46200,1993年,70年,2.60,28.0%,0,0.90元/平米/月,住宅
湛塘路大院,越秀-北京路-湛塘路20-88号,33350,1990年,70年,1.80,30.0%,1,1.00元/平米/月,住宅
共和西苑,越秀-共和路-共和西路9号,70440,1994年,70年,2.50,20.0%,0,0.90元/平米/月,住宅
北较场横路1号大院,越秀-建设-北较场横路1号,53002,2015年,70年,1.20,30.0%,1,0.40元/平米/月,住宅
原道路小区,越秀-淘金-原道路44号,51000,1995年,70年,2.60,12.0%,0,0.80元/平米/月,住宅
六合园,越秀-小北-法政路,71062,1990年,70年,1.20,40.0%,0,0.50元/平米/月,住宅
老报社大院,越秀-共和路-共和大街23号,64180,2005年,70年,1.50,30.0%,0,0.90元/平米/月,住宅
碧水明筑,越秀-五羊新城-东泰路80号,62591,2005年,70年,3.30,20.0%,1,0.90元/平米/月,住宅
进步里,越秀-西门口-光塔路,25033,1988年,70年,1.30,20.0%,1,0.90元/平米/月,住宅
下塘宝汉直街小区,越秀-小北-宝汉直街54号,29049,1991年,70年,2.50,36.0%,1,0.80元/平米/月,住宅
广源西公安宿舍,越秀-流花-松岗大街13号,18800,2015年,70年,1.20,24.0%,0,0.80元/平米/月,住宅
正南路都府街大院,越秀-北京路-都府街,43007,1998年,70年,1.20,20.0%,0,0.50元/平米/月,住宅
兰湖里,越秀-盘福-医国街114号,44000,1998年,70年,2.50,35.0%,0,1.50元/平米/月,住宅
农林下路74号大院,越秀-农林下路-农林下路,52500,2000年,70年,2.80,30.0%,0,15.00元/平米/月,住宅
九龙街老干部大院,越秀-小北-九龙街2-30号,63000,1999年,70年,1.20,20.0%,0,0.50元/平米/月,住宅
麓苑小区,越秀-淘金-麓苑路5-24号,47906,1983年,70年,2.60,30.0%,1,1.00元/平米/月,住宅
华逸阁,越秀-东川-东华西路248号,46200,2000年,70年,1.50,30.0%,0,2.50元/平米/月,住宅
鸿景大厦,越秀-五羊新城-广州大道中115-117号,46404,1997年,70年,4.80,28.0%,1,0.90元/平米/月,住宅
建设五马路35号大院,越秀-建设-建设五马路35号,75313,1988年,70年,1.50,20.0%,0,1.00元/平米/月,住宅
黄华路24大院,越秀-建设-黄华路24号,67245,1988年,70年,1.20,20.0%,0,1.50元/平米/月,住宅
横枝岗路81号大院,越秀-淘金-横枝岗路81号,34800,1994年,70年,1.50,20.0%,1,0.90元/平米/月,住宅
东风东大院,越秀-东风东-东风东路,56231,1990年,70年,2.34,30.0%,0,0.80元/平米/月,住宅
华景大厦,越秀-五羊新城-广州大道中229号,45464,2005年,70年,2.50,30.0%,0,0.90元/平米/月,住宅
日升大厦,越秀-建设-青菜东街35号,55607,1997年,70年,2.50,20.0%,0,0.90元/平米/月,住宅
周家巷小区,越秀-解放北-周家巷,35600,1995年,70年,1.50,20.0%,0,15.00元/平米/月,住宅
竹丝岗四马路小区,越秀-农林下路-竹丝岗四马路10号,50139,1990年,70年,1.20,31.6%,1,1.20元/平米/月,住宅
越秀大南路小区,越秀-北京路-大南路,31246,1998年,70年,1.50,30.0%,0,0.30元/平米/月,住宅
越华阁,越秀-北京路-朝天坊2-50号,38800,1998年,70年,2.50,15.0%,0,0.90元/平米/月,住宅
乐景大厦,越秀-五羊新城-寺右二横路,52500,1998年,70年,1.85,12.0%,0,1.50元/平米/月,住宅
前鉴通津小区,越秀-东川-前鉴通津2号,47303,1996年,70年,2.00,30.0%,0,1.20元/平米/月,住宅
小北路洪桥街社区,越秀-小北-洪桥街,57003,1999年,70年,2.50,30.0%,0,0.90元/平米/月,住宅
西元岗小区,越秀-共和路-西元岗7号,56500,2015年,70年,1.20,30.0%,0,0.50元/平米/月,住宅
南坑东小区,越秀-小北-南坑东13号,36200,1995年,70年,1.50,20.0%,1,0.90元/平米/月,住宅
教育路大院,越秀-北京路-教育路59号,36400,1995年,70年,2.00,20.0%,1,0.30元/平米/月,住宅
侨力大厦(越秀),越秀-解放南-起义路123-159号,59225,2001年,70年,1.16,25.0%,1,1.40元/平米/月,住宅
人民北路小区,越秀-西门口-人民北路,28000,1997年,70年,2.60,35.0%,0,0.70元/平米/月,住宅
仙湖街小区,越秀-北京路-惠福东路,33405,1995年,70年,1.20,20.0%,0,0.30元/平米/月,住宅
米市路小区,越秀-西门口-米市路13-23号,35733,1990年,70年,1.20,20.0%,0,0.50元/平米/月,住宅
东风东路699号大院,越秀-东风东-东风东路699号,63805,2001年,70年,2.00,30.0%,0,0.90元/平米/月,住宅
德雅轩,越秀-北京路-长塘街77-83号,53000,1996年,70年,5.00,18.0%,1,1.90元/平米/月,住宅
湖景华厦,越秀-东山口-东华南路176号,59000,1998年,70年,2.50,20.0%,1,4.00元/平米/月,住宅
华曦大厦,越秀-北京路-中山四路24-30号,81499,2007年,70年,2.50,15.0%,1,1.80元/平米/月,住宅
海珠南路小区,越秀-解放南-海珠南路,27400,2007年,70年,5.20,30.0%,1,0.40元/平米/月,住宅
大德大厦,越秀-解放南-大德路188-214号,36200,1998年,70年,5.00,30.0%,1,2.60元/平米/月,住宅
财政厅宿舍,越秀-公园前-北京路376号,75359,2000年,70年,1.20,30.0%,0,0.50元/平米/月,住宅
市司法局宿舍,越秀-北京路-莲花井87号,33600,2006年,70年,1.50,30.0%,0,1.00元/平米/月,住宅
福今路小区,越秀-东风东-福今路24-51号,58651,1990年,70年,2.50,30.0%,0,0.90元/平米/月,住宅
华美苑(白云),越秀-流花-瑶华中街122号,23576,1996年,70年,1.50,10.0%,1,0.90元/平米/月,住宅
大南居,越秀-东山口-大南路66号,38600,2003年,70年,2.50,24.0%,0,1.00元/平米/月,住宅
幸福立方,越秀-西门口-大德路25号,44600,2000年,70年,2.90,12.0%,1,0.50元/平米/月,住宅
榨粉街小区,越秀-农讲所-榨粉东街,48167,2000年,70年,1.50,30.0%,0,0.90元/平米/月,住宅
通正巷小区,越秀-北京路-万福路,40606,1992年,70年,1.50,20.0%,1,5.00元/平米/月,住宅
山河西街小区,越秀-东山口-山河西街,74744,2013年,70年,2.29,12.0%,1,0.50元/平米/月,住宅
双井街社区,越秀-盘福-盘福路69号,39166,1990年,70年,1.50,20.0%,0,0.40元/平米/月,住宅
永安横街15号大院,越秀-东川-永安横街15号,45800,1998年,70年,2.50,20.0%,0,0.90元/平米/月,住宅
铁路宿舍(中山一路),越秀-共和路-中山一路53号,42905,1998年,70年,2.10,33.0%,1,0.90元/平米/月,住宅
淘金西街小区,越秀-淘金-淘金西街1-11号,45521,1997年,70年,3.70,40.0%,1,1.20元/平米/月,住宅
学宫街小区,越秀-公园前-学宫街11-64号,32657,1991年,70年,1.50,20.0%,1,0.90元/平米/月,住宅
仙湖街100-112号大院,越秀-北京路-仙湖街100-112号,32200,1995年,70年,2.00,20.0%,0,0.90元/平米/月,住宅
广仁路4号大院,越秀-公园前-广仁路4号,31878,1995年,70年,1.20,20.0%,0,0.50元/平米/月,住宅
惠福西路仙邻巷小区,越秀-西门口-惠福西路,37526,1990年,70年,1.20,40.0%,1,0.50元/平米/月,住宅
恒福路93号大院,越秀-淘金-恒福路93号,36275,1998年,70年,1.00,50.0%,1,1.00元/平米/月,住宅
公安厅宿舍87号大院,越秀-小北-黄华路87号,66326,1988年,70年,2.50,35.0%,0,0.90元/平米/月,住宅
恒福路9-11号大院,越秀-淘金-恒福路9-11号,27000,1985年,70年,1.20,20.0%,1,0.80元/平米/月,住宅
福今路7号大院,越秀-东山口-福今路7号,86302,1990年,70年,1.50,35.0%,1,0.90元/平米/月,住宅
东华西四胜街小区,越秀-东川-东华西四胜街,28800,1994年,70年,2.50,32.0%,0,0.50元/平米/月,住宅
东风西路小区,越秀-西门口-东风西路,24800,2002年,70年,1.32,30.0%,1,2.00元/平米/月,住宅
东风东路695号大院,越秀-东风东-东风东路695号,57500,2001年,70年,1.20,30.0%,0,0.50元/平米/月,住宅
东川二街小区,越秀-东川-东川二街,50405,1993年,70年,2.30,28.0%,0,0.50元/平米/月,住宅
东昌大街小区,越秀-东川-东昌大街,37000,1990年,70年,1.50,18.0%,1,0.50元/平米/月,住宅
北较场横路8号大院,越秀-建设-北较场横路8号,50000,1988年,70年,1.20,20.0%,0,0.50元/平米/月,住宅
北横街小区,越秀-中山路-中山三路108号,39400,2001年,70年,1.20,30.0%,0,0.30元/平米/月,住宅
百子横街小区,越秀-东山口-东川路,47960,2000年,70年,2.50,25.0%,0,0.40元/平米/月,住宅
铁路宿舍(东华南路),越秀-东川-东华南路15号,46979,1992年,70年,2.50,20.0%,1,1.20元/平米/月,住宅
王圣堂公安宿舍,越秀-流花-王圣堂后街136号,19100,2015年,70年,1.20,30.0%,1,0.50元/平米/月,住宅
卫生厅宿舍,越秀-北京路-仓边路35号,42000,1998年,70年,1.50,20.0%,0,0.90元/平米/月,住宅
盘福后街小区,越秀-盘福-盘福后街35号,34400,2010年,70年,1.50,30.0%,0,暂无,住宅
大新路小区,越秀-解放中路-小新街46号,27143,1995年,70年,1.50,20.0%,0,0.90元/平米/月,住宅
瑶华大街大院,越秀-流花-瑶华大街,18400,2000年,70年,1.20,25.0%,1,0.50元/平米/月,住宅
北站路小区,越秀-流花-北站路50-172号,22818,1995年,70年,1.50,20.0%,0,0.90元/平米/月,住宅
白沙巷小区,越秀-西门口-白沙巷8号,29000,2004年,70年,1.50,30.0%,0,0.90元/平米/月,住宅
香江园,越秀-环市东-先烈中路98号,45800,1990年,70年,1.20,30.0%,0,0.50元/平米/月,住宅
黄华塘社区,越秀-建设-黄华路85号,49350,2000年,70年,1.50,30.0%,0,0.90元/平米/月,住宅
祝寿巷社区,越秀-西门口-祝寿巷20号,27500,1998年,70年,1.50,20.0%,0,0.90元/平米/月,住宅
矿泉北街2-40号小区,越秀-广园东-矿泉北街2-40号,24647,1995年,70年,1.50,20.0%,1,1.00元/平米/月,住宅
美东大厦,越秀-西门口-光塔路154号,37400,1999年,70年,2.50,10.0%,0,0.90元/平米/月,住宅
广园东路小区(越秀),越秀-广园东-广园东路,22200,2000年,70年,1.50,30.0%,0,0.90元/平米/月,住宅
珠光街新福里社区,越秀-北京路-德政南路80号,38025,2018年,70年,1.50,30.0%,0,0.90元/平米/月,住宅
寺右一马路小区,越秀-五羊新城-寺右一马路214号,41000,1994年,70年,2.30,15.0%,1,1.00元/平米/月,住宅
青龙坊友谊农机大院,越秀-北京路-青龙坊179-185号(单号),41600,1995年,70年,1.50,20.0%,0,0.90元/平米/月,住宅
合群三马路小区,越秀-东山口-合群三马路3号,80606,2000年,70年,1.50,30.0%,0,0.90元/平米/月,住宅
永安东街小区,越秀-北京路-永安东街3号,41800,2013年,70年,1.50,30.0%,0,0.90元/平米/月,住宅
建设五马路小区,越秀-建设-建设五马路,46200,1996年,70年,1.50,20.0%,0,0.90元/平米/月,住宅
海珠北路金氏巷12号小区,越秀-西门口-海珠北路金氏巷12号,31319,2000年,70年,1.50,30.0%,0,0.90元/平米/月,住宅
仰星横街小区,越秀-农讲所-仰星横街4-6号,58137,2004年,70年,1.50,30.0%,0,0.90元/平米/月,住宅
署前路小区,越秀-东山口-署前路1号,53000,2014年,70年,1.50,30.0%,0,0.90元/平米/月,住宅
培正新横路小区,越秀-东山口-培正新横路9号,63000,2000年,70年,1.20,30.0%,0,0.50元/平米/月,住宅
海南大厦,越秀-西门口-观绿路45号,26000,1995年,70年,4.00,20.0%,0,0.90元/平米/月,住宅
共和怡苑(二区),越秀-共和路-共和西路10号,66833,1996年,70年,2.59,27.0%,1,1.20元/平米/月,住宅
米市路54-56号小区,越秀-解放中路-米市路54-56号,32400,2002年,70年,1.50,30.0%,0,0.90元/平米/月,住宅
竹丝岗新南路小区,越秀-农林下路-新南路18号,43800,1987年,70年,1.50,15.0%,1,1.20元/平米/月,住宅
竹丝岗二马路7号大院,越秀-东山口-竹丝岗二马路7号,46800,1997年,70年,1.00,26.0%,1,0.50元/平米/月,住宅
西胜街小区(越秀区),越秀-小北-西胜街,27522,1996年,70年,2.53,36.0%,0,0.80元/平米/月,住宅
中山三路钱路头小区,越秀-东川-钱路头直街,33800,2015年,70年,1.20,30.0%,1,1.50元/平米/月,住宅
西湖路小区,越秀-北京路-西湖路,35400,1980年,70年,0.90,35.0%,0,0.80元/平米/月,住宅
越兴苑,越秀-盘福-朱紫后街5号,43200,2000年,70年,3.00,30.0%,1,1.00元/平米/月,住宅
长堤大马路小区,越秀-解放南-长堤大马路,32307,1993年,70年,3.20,30.0%,0,0.90元/平米/月,住宅
越秀大北新街小区,越秀-解放北-解放北路,32400,1995年,70年,2.60,30.0%,0,15.00元/平米/月,住宅
朱紫街小区,越秀-解放北-朱紫街,36800,1990年,70年,1.80,18.0%,0,10.00元/平米/月,住宅
文德北小区,越秀-北京路-文德北路69号,68420,1996年,70年,1.20,40.0%,1,5.00元/平米/月,住宅
挹翠花园,越秀-越秀南-东堤二马路,35400,1999年,70年,1.20,20.0%,0,0.50元/平米/月,住宅
挹翠路小区,越秀-北京路-挹翠路10号,35000,1995年,70年,1.20,20.0%,0,0.50元/平米/月,住宅
永安横街11号,越秀-东川-永安横街11号,34600,1990年,70年,1.20,50.0%,0,0.80元/平米/月,住宅
新时代宿舍,越秀-流花-北站路47-49号,17200,1998年,70年,2.57,30.0%,1,0.50元/平米/月,住宅
新悦楼(越秀),越秀-越秀南-海月街36-42号,39400,1999年,70年,5.77,20.0%,1,0.40元/平米/月,住宅
珠江水泥厂宿舍,越秀-流花-北站路14号,20000,1994年,70年,1.50,20.0%,1,0.90元/平米/月,住宅
越秀区物资局大院,越秀-建设-北较场横路10号,34122,1980年,70年,2.50,10.0%,1,5.00元/平米/月,住宅
寺右南路小区,越秀-五羊新城-寺右南路,48200,1994年,70年,4.00,40.0%,0,1.00元/平米/月,住宅
越秀电台大院,越秀-盘福-双井街7号,48500,2001年,70年,2.10,32.0%,1,0.90元/平米/月,住宅
万福楼,越秀-北京路-万福路,49072,2000年,70年,4.66,20.0%,1,1.20元/平米/月,住宅
水荫公安局宿舍,越秀-水荫路-水荫一横路,24600,1990年,70年,2.60,40.0%,1,0.80元/平米/月,住宅
怡景大厦(越秀),越秀-五羊新城-广州大道中121号,43457,1995年,70年,9.00,15.0%,0,1.70元/平米/月,住宅
小新街社区,越秀-解放南-小新街,33800,2015年,70年,1.20,30.0%,0,0.30元/平米/月,住宅
蟹岗道小区,越秀-小北-蟹岗道1-35号,39473,2001年,70年,1.20,30.0%,0,0.50元/平米/月,住宅
钱路头直街35号,越秀-东川-钱路头直街35号,42888,2015年,70年,1.20,30.0%,1,0.50元/平米/月,住宅
陵园西小区,越秀-东川-陵园西路,48100,1980年,70年,1.50,45.0%,0,0.30元/平米/月,住宅
濂泉居,越秀-广园东-濂泉路,26086,1999年,70年,2.20,40.0%,1,0.50元/平米/月,住宅
北站山顶小区,越秀-流花-北站新街8号,20000,1994年,70年,1.20,20.0%,1,暂无,住宅
明月二路小区,越秀-五羊新城-明月二路48-54号,56852,1989年,70年,1.50,35.0%,0,0.90元/平米/月,住宅
三育路小区,越秀-东风东-三育路,49100,1993年,70年,2.20,30.0%,0,10.00元/平米/月,住宅
小北路医灵直街市委宿舍,越秀-小北-医灵直街11-25号,46800,2015年,70年,0.80,20.0%,1,0.50元/平米/月,住宅
陵园西路5号大院,越秀-东川-陵园西路5号,32800,2000年,70年,1.20,30.0%,0,0.80元/平米/月,住宅
南堤二马路小区,越秀-北京路-南堤二马路,40000,1991年,70年,3.50,20.0%,1,0.90元/平米/月,住宅
钱路头直街2号大院,越秀-东川-钱路头直街2号,42000,1995年,70年,1.20,20.0%,1,0.50元/平米/月,住宅
向阳西街小区,越秀-流花-向阳西街,16400,2005年,70年,1.20,30.0%,1,0.50元/平米/月,住宅
农林上路七横路大院,越秀-东山口-农林上路七横路,65000,1999年,70年,2.00,35.0%,0,10.00元/平米/月,住宅
建设大马路9号大院,越秀-建设-建设大马路9号,49511,1988年,70年,1.50,20.0%,0,0.90元/平米/月,住宅
广东商业大厦,"越秀-东山口-东华北路50,52号",48419,2004年,70年,3.20,36.0%,1,2.80元/平米/月,住宅
汇贤里1-15号小区,越秀-东川-汇贤里1-15号,37600,2000年,70年,1.20,30.0%,0,0.80元/平米/月,住宅
江岭东路小区,越秀-东山口-龟岗二马路,56226,1993年,70年,2.00,15.0%,1,0.41元/平米/月,住宅
江岭西路小区,越秀-东山口-龟岗二马路,57500,1998年,70年,2.00,20.0%,0,1.50元/平米/月,住宅
华宁里小区,越秀-公园前-越华路,34000,1995年,70年,1.50,20.0%,0,0.90元/平米/月,住宅
建设二马路1号小区,越秀-建设-建设二马路1号,40513,1990年,70年,1.20,20.0%,0,0.50元/平米/月,住宅
广州市人大住宅楼,越秀-小北-下塘西路29-35号,32600,2000年,70年,1.20,30.0%,0,0.50元/平米/月,住宅
鸿瑞大厦,越秀-东川-中山二路29号,62500,2002年,70年,3.50,15.0%,0,1.50元/平米/月,住宅
署前社区,越秀-东山口-庙前西街44号,46600,1993年,70年,1.20,20.0%,0,0.50元/平米/月,住宅
小北路电梯房,越秀-小北-蟹岗道35号,40600,2005年,70年,1.20,30.0%,1,0.50元/平米/月,住宅
培正一横路小区,越秀-东山口-恤孤院路22号,60000,1998年,70年,2.00,20.0%,0,0.50元/平米/月,住宅
竣雅阁,越秀-农讲所-榨粉东街18号,43800,2000年,70年,2.50,20.0%,1,1.60元/平米/月,住宅
惠福西路白薇街小区,越秀-解放中路-白薇街,25200,2000年,70年,1.20,10.0%,1,1.00元/平米/月,住宅
红胜街公安宿舍,越秀-建设-红胜街2号,36800,1990年,70年,1.50,20.0%,0,1.50元/平米/月,住宅
东园新村1号大院,越秀-东山口-农林东路18号,52412,1991年,70年,3.00,25.0%,1,0.90元/平米/月,住宅
东源新街大院,越秀-东川-东源新街,45800,1993年,70年,2.50,35.0%,0,1.40元/平米/月,住宅
东川三街小区,越秀-东川-东川路,51839,1995年,70年,2.50,32.0%,1,0.80元/平米/月,住宅
东里大院,越秀-东川-永胜街东里,36800,1999年,70年,1.50,40.0%,0,0.90元/平米/月,住宅
东风中路360号宿舍大楼,越秀-东风东-东风中路360号,56000,2015年,70年,1.20,30.0%,0,0.80元/平米/月,住宅
东南大厦,越秀-北京路-会同里3-5号,42600,2002年,70年,3.10,30.0%,1,1.50元/平米/月,住宅
东风东路754号大院,越秀-东风东-东风东路754号,58624,1998年,70年,2.00,30.0%,0,3.00元/平米/月,住宅
德源里社区,越秀-小北-东风中路,44392,2000年,70年,1.20,30.0%,0,0.50元/平米/月,住宅
大塘街小区,越秀-农讲所-北京路大塘街,37429,2003年,70年,1.50,30.0%,1,0.50元/平米/月,住宅
福今路2号大院,越秀-东山口-福今路2号,55500,2000年,70年,1.20,35.0%,1,1.20元/平米/月,住宅
横枝岗路56号大院,越秀-淘金-横枝岗路56号,32779,1995年,70年,1.50,32.0%,1,1.00元/平米/月,住宅
合群二马路小区,越秀-东山口-合群二马路,63007,2007年,70年,2.17,35.0%,0,1.00元/平米/月,住宅
东皋大道小区,越秀-东风东-东皋大道,44784,1995年,70年,2.50,35.0%,0,1.20元/平米/月,住宅
东风东路703号大院,越秀-东风东-东风东路703号,58000,1990年,70年,1.50,30.0%,0,0.90元/平米/月,住宅
大沙头路大院,越秀-东湖-大沙头路24-30号,36800,2002年,70年,1.20,30.0%,0,1.00元/平米/月,住宅
保安北街小区,越秀-东山口-保安北街,50500,2004年,70年,1.50,20.0%,0,0.60元/平米/月,住宅
达道路大院,越秀-东山口-达道路文明里6号,61095,1994年,70年,1.80,20.0%,0,0.75元/平米/月,住宅
东风东路697号大院,越秀-东风东-东风东路697号,48200,1995年,70年,1.20,20.0%,1,0.70元/平米/月,住宅
广信丽景大厦,越秀-五羊新城-广州大道中路123-125号,50000,1993年,70年,1.00,15.0%,1,1.80元/平米/月,住宅
广信豪景大厦,越秀-五羊新城-寺右新马路124-130号,55769,2000年,70年,1.00,25.0%,1,2.10元/平米/月,住宅
佳地华苑,越秀-五羊新城-寺右新马路77-79号,50833,1995年,70年,2.50,10.0%,1,1.90元/平米/月,住宅
仁济路小区,越秀-一德路-仁济路4号,24545,2005年,70年,1.50,30.0%,1,1.00元/平米/月,住宅
恒福路250号之六小区,越秀-黄花岗-恒福路250号之六,40400,2000年,70年,1.50,30.0%,0,0.90元/平米/月,住宅
文德东路6号大院,越秀-北京路-文德东路6号,51072,2000年,70年,1.50,30.0%,0,0.90元/平米/月,住宅
广东省外贸大院,越秀-环市东-福今路62号,50500,2001年,70年,1.50,30.0%,0,0.90元/平米/月,住宅
福今路12号大院,越秀-环市东-福今路12号,53500,2006年,70年,1.50,30.0%,0,1.00元/平米/月,住宅
黄华路6-10号(双)大院,越秀-东风东-黄华路6-10号,46200,2006年,70年,1.50,30.0%,1,1.20元/平米/月,住宅
接龙楼,越秀-小北-仁安新街14号,43800,2006年,70年,1.50,30.0%,1,1.00元/平米/月,住宅
建设四马路12-13号小区,越秀-北京路-建设四马路12-13号,40200,1995年,70年,1.50,20.0%,0,0.90元/平米/月,住宅
海傍街小区,越秀-北京路-海傍街38号,36800,2000年,70年,1.50,30.0%,0,暂无,住宅
东风东路870-876号小区,越秀-东风东-东风东路870-876号,45200,2006年,70年,1.50,30.0%,1,1.00元/平米/月,住宅
中山一路大院,越秀-杨箕-中山一路35-36号,58500,2000年,70年,1.50,30.0%,0,0.90元/平米/月,住宅
回龙路小区,越秀-北京路-回龙路10号,32400,2000年,70年,1.50,30.0%,1,1.00元/平米/月,住宅
寺右二横路16号大院,越秀-共和路-寺右二横路16号,47600,1986年,70年,2.00,20.0%,1,1.00元/平米/月,住宅
环市东路322-404号小区,越秀-建设-环市东路322-404号,41000,2006年,70年,1.50,30.0%,0,0.90元/平米/月,住宅
犀牛路18号小区,越秀-环市东-犀牛路18号,46200,2007年,70年,1.90,30.0%,0,1.50元/平米/月,住宅
广州市中级人民法院宿舍,越秀-农讲所-仓边路26号,41200,2012年,70年,1.50,30.0%,0,0.90元/平米/月,住宅
广九大马路8-18号小区,越秀-东川-广九大马路8-18号,38800,1990年,70年,1.20,20.0%,0,0.50元/平米/月,住宅
北站新街1-35号小区,越秀-流花-北站新街1-35号,19200,2000年,70年,1.50,30.0%,1,1.00元/平米/月,住宅
共和路76-80号小区,越秀-共和路-共和路76-80号,62000,2004年,70年,1.20,30.0%,0,0.50元/平米/月,住宅
瑶泉街小区,越秀-流花-瑶泉街1-5号,22334,1996年,70年,2.00,10.0%,1,1.00元/平米/月,住宅
筑溪西街小区,越秀-东川-筑溪西6号,35800,2006年,70年,1.20,30.0%,0,0.50元/平米/月,住宅
东湖铭泰公馆,越秀-东湖-东湖西路永胜中沙4-5号,21530,2014年,40年,2.50,30.0%,0,5.00元/平米/月,商住楼
方圆越秀时光,越秀-东山口-东沙角路42号,25671,2015年,50年,2.50,30.0%,0,0.90元/平米/月,住宅
富力东山新天地商住楼,越秀-五羊新城-广州大道,39452,2016年,50年,3.80,30.0%,0,0.90元/平米/月,商住楼
云鹤南街小区,越秀-环市东-云鹤南街,44447,1996年,70年,2.60,38.0%,1,1.00元/平米/月,住宅
金亚花园(别墅),越秀-二沙岛-大通路,152184,1998年、1998年,70年,0.28,40.0%,0,6.90元/平米/月,别墅
广兴华花园,越秀-五羊新城-寺右南二街18号,48000,2000年,70年,0.45,45.0%,0,1.00元/平米/月,别墅
花城苑别墅(越秀),越秀-二沙岛-松涛街,110868,1993年,70年,0.65,30.0%,1,2.00元/平米/月,别墅
麓湖名轩,越秀-环市东-麓湖路,42027,2016年,70年,0.50,30.0%,0,2.00元/平米/月,别墅
璟泰大厦,越秀-五羊新城-广州大道中295号,58000,2003年,50年,3.00,20.0%,0,2.40元/平米/月,商住楼
嘉诚国际公寓,越秀-水荫路-广州大道中611号,50081,2007年,40年,1.66,50.0%,1,2.50元/平米/月,住宅
广州民间金融大厦,越秀-一德路-长堤大马路316号,16666,2000年,40年,2.50,30.0%,0,4.00元/平米/月,商住楼
大沙头二马路小区,越秀-大沙头-大沙头二马路,38800,1997年,70年,2.40,35.0%,1,1.00元/平米/月,住宅
新河浦路小区,越秀-东山口-新河浦五横路,72016,1999年,70年,1.70,30.0%,1,1.20元/平米/月,住宅
粤海壹桂府,越秀-北京路-北京路,92184,2021年,70年,2.50,25.0%,0,0.90元/平米/月,住宅
广州华侨新村(别墅),越秀-淘金-爱国路,110967,2000年,70年,0.50,55.0%,0,1.00元/平米/月,别墅
云鹤园,越秀-东风东-云鹤南街3号,48490,2003年,70年,3.50,35.0%,1,1.80元/平米/月,住宅
富华商贸大厦,越秀-一德路-大德路233号,16666,2015年,50年,2.50,30.0%,0,0.90元/平米/月,商住楼
新世界棕榈园(别墅),越秀-二沙岛-大通路25号,130070,1988年、2000年,70年,1.20,35.0%,0,6.90元/平米/月,别墅
越秀大石街大院,越秀-小北-大石街,58248,1993年,70年,2.54,35.0%,0,0.50元/平米/月,住宅
人民南路小区,越秀-一德路-人民南路,22800,1998年,70年,2.00,40.0%,0,1.60元/平米/月,住宅
三荣大厦,越秀-淘金-麓苑路49号,45023,2003年,50年,2.50,27.0%,0,1.30元/平米/月,商住楼
广东国际大厦,越秀-淘金-环市东路339号,15294,1992年,50年,3.80,20.0%,0,0.90元/平米/月,商住楼
东山海德公馆,越秀-黄花岗-云鹤北街8号,24200,2015年,70年,3.20,35.0%,0,9.00元/平米/月,住宅
金润铂宫,越秀-北京路-北京路,24871,2010年,50年,8.53,30.0%,0,3.80元/平米/月,商住楼
东船上街小区,越秀-东湖-大沙头路6号,33089,2001年,70年,1.68,35.0%,1,0.30元/平米/月,住宅
越华大院,越秀-公园前-越华路116号,36200,1998年,70年,1.20,20.0%,0,0.50元/平米/月,住宅
东昌南街小区,越秀-东川-东昌南街,40259,1995年,70年,2.90,30.0%,1,1.30元/平米/月,住宅
一德路小区,越秀-解放南-迎珠街22号,28727,1990年,70年,1.50,20.0%,0,0.90元/平米/月,住宅
五羊新城(南区),越秀-五羊新城-寺右新马路,44411,1994年,70年,2.00,40.0%,1,0.60元/平米/月,住宅
尚峰国际公寓,越秀-公园前-北京路374号,37605,2010年,40年,6.50,15.0%,0,0.90元/平米/月,商住楼
共和西横街小区,越秀-杨箕-共和西横街18号,62466,1996年,70年,1.50,20.0%,1,1.00元/平米/月,住宅
寺右二横路小区,越秀-环市东-寺右二横路,42000,2000年,70年,1.50,30.0%,0,0.90,住宅
惠福西路毕公巷小区,越秀-北京路-毕公巷4号,26156,2000年,70年,1.20,30.0%,0,0.50元/平米/月,住宅
君汇世家(别墅),越秀-水荫路-天河路45号,105000,2008年,70年,0.50,30.0%,0,2.00元/平米/月,别墅
庙前西街小区,越秀-东山口-庙前西街,53227,1998年,70年,1.50,20.0%,0,0.90元/平米/月,住宅
起义路10-40号小区,越秀-北京路-起义路10-40号,42600,2000年,70年,1.50,30.0%,0,0.90,住宅
竹丝岗大马路1号大院,越秀-东川-竹丝岗大马路1号,37000,2005年,70年,1.20,30.0%,0,0.80元/平米/月,住宅
云路街小区,越秀-西门口-云路街,34832,1995年,70年,1.20,20.0%,0,1.20元/平米/月,住宅
天香街小区,越秀-小北-天香街20号,46800,2015年,70年,1.50,30.0%,0,0.90元/平米/月,住宅
区庄村,越秀-环市东-犀牛路,42390,1990年,70年,3.54,20.0%,1,1.00元/平米/月,住宅
寺贝新街1号楼,越秀-东山口-寺贝新街1号,60999,1999年,70年,0.50,50.0%,0,2.00元/平米/月,别墅
龙腾里小区,越秀-北京路-龙腾里3号,46400,1992年,70年,2.50,36.0%,1,0.80元/平米/月,住宅
东山铁路局宿舍,越秀-大沙头-白云路60号,45800,2002年,70年,4.60,28.0%,0,0.90元/平米/月,住宅
小北路244号小区,越秀-小北-小北路244号,48600,1998年,70年,2.36,24.0%,1,1.00元/平米/月,住宅
净慧路小区,越秀-西门口-净慧路,32951,1990年,70年,1.50,20.0%,0,0.90元/平米/月,住宅
中环广场(商住楼),越秀-建设-建设中马路2-4号,24669,2009年,50年,1.20,25.0%,1,2.50元/平米/月,商住楼
199loft艺术公寓,越秀-北京路-大德路199号,18857,2000年,50年,1.50,30.0%,0,0.90,住宅
三元里大道573-575号小区,越秀-流花-三元里大道573-575号,19800,2000年,70年,1.50,30.0%,0,暂无,住宅
合群一马路大院,越秀-东山口-合群一马路,72291,2000年,70年,2.10,30.0%,0,0.60元/平米/月,住宅
东贤里小区,越秀-东川-中山三路东贤里,48023,1992年,70年,1.44,19.0%,0,0.80元/平米/月,住宅
竹丝岗大马路小区,越秀-农林下路-竹丝岗大马路,44844,1990年,70年,2.40,29.0%,1,0.80元/平米/月,住宅
濠畔街大院,越秀-解放南-濠畔街,40882,1993年,70年,2.00,20.0%,1,0.90元/平米/月,住宅
仓前直街小区,越秀-北京路-仓前直街,32200,1992年,70年,1.50,20.0%,0,0.20元/平米/月,住宅
腾龙里,越秀-五羊新城-腾龙里9-11号,41600,2016年,70年,1.50,36.0%,0,0.90元/平米/月,住宅
恒福路35号大院,越秀-淘金-恒福路35号,32600,1995年,70年,1.50,20.0%,1,1.00元/平米/月,住宅
竹丝岗空军干休所,越秀-东风东-竹丝岗二马路39号,65019,2000年,70年,2.60,40.0%,1,1.80元/平米/月,住宅
省委党校小区,越秀-东风东-黄华路4号,71771,1995年,70年,1.20,30.0%,0,0.50元/平米/月,住宅
马棚北街小区,越秀-东山口-马棚北街,45800,1990年,70年,1.70,20.0%,0,0.40元/平米/月,住宅
华侨新村团结路小区,越秀-淘金-团结路,52222,2006年,70年,1.50,50.0%,1,3.50元/平米/月,住宅
正平中街大院,越秀-淘金-正平中街,41600,1995年,70年,4.00,17.0%,1,0.60元/平米/月,住宅
天祥里,越秀-共和路-共和南路,46200,1995年,70年,1.50,30.0%,0,0.90元/平米/月,住宅
较场西路大院,越秀-东川-较场西路,50447,1996年,70年,2.55,35.6%,0,0.80元/平米/月,住宅
北较场路小区,越秀-小北-北较场路,34600,1992年,70年,2.36,23.6%,1,1.00,住宅
淘金半山御庭,越秀-淘金-淘金西街18号,90225,暂无,其它,暂无,暂无,0,暂无,住宅
站西路小区,越秀-流花-站西路1号,13800,1992年,70年,2.41,12.7%,1,1.00元/平米/月,住宅
永泰西约小区,越秀-环市东-永泰西约,44600,1992年,70年,1.50,20.0%,1,1.00元/平米/月,住宅
铁路文化宫小区,越秀-东山口-署前路14号,91851,暂无,其它,暂无,暂无,1,1.00元/平米/月,住宅
银泉花园,越秀-流花-北站路84号,16400,暂无,其它,暂无,暂无,1,1.00元/平米/月,住宅
珠光路小区,越秀-北京路-珠光路,31800,1996年,70年,1.50,25.0%,0,1.00元/平米/月,住宅
天胜村(别墅),越秀-环市东-淘金路,64500,2001年,70年,1.00,35.0%,0,0.80元/平米/月,别墅
中山一路42号大院,越秀-环市东-中山一路42号,51500,暂无,70年,暂无,暂无,0,暂无,住宅
瑶台西街小区,越秀-流花-瑶台西街,23408,2000年,70年,1.50,30.0%,0,0.90元/平米/月,住宅
北京街许地社区,越秀-北京路-大南路,29400,暂无,其它,暂无,暂无,0,暂无,住宅
中山一路49-69号小区,越秀-杨箕-中山一路49-69号,53000,1998年,70年,1.50,20.0%,0,暂无,住宅
吉林大厦,越秀-杨箕-中山一路48号,50000,1997年,40年,2.50,20.0%,0,0.90元/平米/月,商住楼
执信中学教师大院,越秀-环市东-环市东路416-8号,49000,1996年,70年,2.25,26.0%,0,0.90元/平米/月,住宅
龟岗二马路小区,越秀-东山口-龟岗二马路,65150,1996年,70年,1.20,15.0%,0,0.30元/平米/月,住宅
新河浦社区,越秀-东山口-合群二马路,63000,2000年,70年,1.20,30.0%,0,0.50元/平米/月,住宅
青龙坊11-82号小区,越秀-建设-青龙坊11-82号,42562,2002年,70年,1.20,30.0%,0,0.60元/平米/月,住宅
麓景路大院,越秀-小北-麓景路,29600,1998年,70年,2.51,20.0%,0,0.80元/平米/月,住宅
环市中路308-317号大院,越秀-小北-环市中路308-317号,38790,2012年,70年,1.50,30.0%,1,0.80元/平米/月,住宅
东蟠龙里小区,越秀-东川-东蟠龙里,48480,1990年,70年,2.10,30.0%,0,0.90元/平米/月,住宅
北京南路121号小区,越秀-北京路-北京南路121号,32200,2000年,70年,1.20,45.0%,0,0.50元/平米/月,住宅
东皋社区,越秀-东川-东风东路490号,42400,1990年,70年,1.50,20.0%,0,0.90元/平米/月,住宅
广州大道中339-343号小区,越秀-环市东-广州大道中339-343号,38200,暂无,70年,暂无,暂无,1,1.00元/平米/月,住宅
中山二路50-52号小区,越秀-农林下路-中山二路50-52号,35800,暂无,70年,暂无,暂无,1,1.00元/平米/月,住宅
麓景路小区(越秀区),越秀-麓湖-麓景路87号,33000,暂无,70年,暂无,暂无,0,暂无,住宅
沿江中路271-331号小区,越秀-北京路-沿江中路271-331号,40000,暂无,其它,暂无,暂无,1,1.20,住宅
解放北路666号小区,越秀-盘福-解放北路666号,34600,暂无,70年,暂无,暂无,1,1.00,住宅
美华北路小区,越秀-东山口-美华北路10号,74127,暂无,70年,暂无,暂无,1,1.00,住宅
北较场路5号大院,越秀-小北-北较场路5号,37000,1998年,70年,1.20,20.0%,1,1.00,住宅
东湖路小区,越秀-东山口-东湖路6号,62602,1999年,70年,1.50,20.0%,0,0.90元/平米/月,住宅
明泉花园,越秀-流花-明泉街6-32号,20102,2000年,70年,1.20,30.0%,0,0.90元/平米/月,住宅
省民政厅大院,越秀-北京路-越华路118号,56051,2008年,70年,1.20,30.0%,1,1.00元/平米/月,住宅
北京路李白巷小区,越秀-北京路-李白巷,52751,2014年,70年,1.20,30.0%,1,1.00元/平米/月,住宅
恒福路56号大院宿舍,越秀-淘金-恒福路56号,27200,2006年,70年,1.50,30.0%,0,1.00元/平米/月,住宅
贤藏街社区,越秀-北京路-贤藏街,34200,1998年,70年,1.20,20.0%,0,0.50元/平米/月,住宅
高第街大院,越秀-北京路-高第街,32000,1989年,70年,1.20,20.0%,0,0.50元/平米/月,住宅
东方文德广场(商住楼),越秀-北京路-文明路,29055,暂无,其它,暂无,暂无,0,暂无,住宅
法政路小区,越秀-小北-法政路8号,55864,2000年,70年,1.50,30.0%,0,0.90元/平米/月,住宅
华乐大厦,越秀-淘金-华乐路57号,38200,2000年,70年,2.50,30.0%,0,5.00,住宅
操场前8号小区,越秀-一德路-操场前8号,22400,暂无,70年,暂无,暂无,0,暂无,住宅
厂后街小区,越秀-北京路-厂后街,34800,暂无,70年,暂无,暂无,0,暂无,住宅
新民路小区(越秀区),越秀-北京路-新民路7号,32800,暂无,其它,暂无,暂无,0,暂无,住宅
泰康路小区,越秀-北京路-泰康路,44881,暂无,70年,暂无,暂无,0,暂无,住宅
先烈中路91号小区,越秀-环市东-先烈中路91号之二,36000,暂无,其它,暂无,暂无,0,暂无,住宅
三元里大道99号小区,越秀-流花-三元里大道99号,31000,暂无,其它,暂无,暂无,0,暂无,住宅
白沙墩10号大院,越秀-环市东-白沙墩10号,47000,暂无,其它,暂无,暂无,0,暂无,住宅
三元里大道415-417号小区,越秀-流花-三元里大道415-417号,21800,暂无,其它,暂无,暂无,0,暂无,住宅
起义路80-250号小区,越秀-北京路-起义路80-250号,36300,暂无,其它,暂无,暂无,0,暂无,住宅
永福路45号大院,越秀-黄花岗-永福路45号,28600,暂无,其它,暂无,暂无,0,暂无,住宅
广东天禾农资公司宿舍,越秀-环市东-东风东路711号,62500,暂无,其它,暂无,暂无,0,暂无,住宅
东船栏大院,越秀-东山口-东船栏,35200,暂无,其它,暂无,暂无,0,暂无,住宅
麓苑路33号大院,越秀-建设-麓苑路33号之九,46200,暂无,其它,暂无,暂无,0,暂无,住宅
铁路大院(麓苑路),越秀-建设-麓苑路1号,41400,暂无,其它,暂无,暂无,0,暂无,住宅
纸行路17号小区,越秀-西门口-纸行路17号,27200,2008年,70年,1.50,30.0%,0,0.90元/平米/月,住宅
新河浦三横路小区,越秀-东湖-新河浦三横路28号,58500,1995年,70年,1.20,20.0%,0,0.50元/平米/月,住宅
天秀社区,越秀-小北-环市中路282号,51000,2000年,70年,2.50,30.0%,0,0.90元/平米/月,住宅
农林上路小区(别墅),越秀-农林下路-农林下路,51500,2005年,70年,0.50,50.0%,0,2.00元/平米/月,别墅
竹丝岗大马路20号大院,越秀-东川-竹丝岗大马路20号,36400,2005年,70年,1.20,30.0%,1,0.80元/平米/月,住宅
竹丝岗大马路41号大院,越秀-东川-竹丝岗大马路41号,46200,2000年,70年,1.20,30.0%,1,0.80元/平米/月,住宅
竹丝岗大马路42号大院,越秀-东川-竹丝岗大马路42号,38400,2004年,70年,1.20,30.0%,0,0.50元/平米/月,住宅
竹丝岗二马路47号大院,越秀-东川-竹丝岗二马路47号,43200,2017年,70年,1.20,30.0%,0,0.80元/平米/月,住宅
竹丝岗大马路22号大院,越秀-环市东-竹丝岗大马路22号,42800,1995年,70年,1.20,20.0%,1,0.80元/平米/月,住宅
状元坊小区,越秀-解放南-状元坊98号,19600,1995年,70年,1.20,20.0%,1,1.00元/平米/月,住宅
走马岗中心巷小区,越秀-流花-马岗中心巷,21000,1995年,70年,1.20,20.0%,0,0.30元/平米/月,住宅
竹怡居,越秀-小北-越秀北路406号,78500,2006年,70年,2.50,23.0%,0,0.90元/平米/月,住宅
竹丝岗二马路37号大院,越秀-东川-竹丝岗二马路37号,48100,1998年,70年,1.20,20.0%,0,0.50元/平米/月,住宅
中山三路葵树庙,越秀-东川-中山三路,39800,1996年,70年,2.50,21.0%,0,1.20元/平米/月,住宅
中山医宿舍,越秀-东山口-执信南路,47200,1997年,70年,1.20,15.0%,1,0.80元/平米/月,住宅
中山二路四十七号大院,越秀-东川-中山二路47号,46600,1990年,70年,1.20,20.0%,1,0.50元/平米/月,住宅
竹馨居,越秀-东山口-竹丝岗四马路2号,44800,2000年,70年,3.16,31.6%,1,1.80元/平米/月,住宅
竹丝岗二马路11号大院,越秀-东川-竹丝岗二马路11号,42600,1998年,70年,1.20,20.0%,0,0.50元/平米/月,住宅
珠光雅居,越秀-越秀南-长兴直街8号,43000,1995年,70年,1.50,30.0%,1,1.50元/平米/月,住宅
筑南小区,越秀-东川-筑南新街8号,43000,1999年,70年,1.50,20.0%,1,1.50元/平米/月,住宅
珠江啤酒宿舍,越秀-西门口-致远路35号,20400,2010年,70年,2.50,30.0%,0,1.00元/平米/月,住宅
五羊新城雍景台,越秀-五羊新城-寺右二马路57号,44200,2004年,70年,4.50,31.0%,1,1.40元/平米/月,住宅
中山四路134-138号住宅,越秀-农讲所-中山四路134-138号,33800,2004年,70年,1.20,30.0%,1,1.50元/平米/月,住宅
越瑞大厦,越秀-一德路-诗书路5号,39800,2000年,70年,3.00,30.0%,0,2.50元/平米/月,住宅
文德楼,越秀-北京路-文德东路,48300,1996年,70年,4.00,40.0%,0,0.50元/平米/月,住宅
粤虹大厦,越秀-东川-永安东街33号,55500,2005年,70年,2.00,15.0%,1,1.20元/平米/月,住宅
王圣堂后街小区,越秀-流花-王圣堂后街,19400,1996年,70年,2.90,30.0%,1,0.90元/平米/月,住宅
中冠大厦,越秀-五羊新城-明月路27-43号(单号),46800,1995年,70年,1.00,30.0%,1,1.00元/平米/月,住宅
通信宿舍(西区),越秀-东风东-广州大道中605号,23000,1999年,70年,1.20,20.0%,0,1.50元/平米/月,住宅
中庸金寓,越秀-解放中路-长堤大马路99号,30200,2010年,70年,2.50,30.0%,0,5.00元/平米/月,住宅
珠光公寓,越秀-北京路-珠光路188号,33400,2006年,70年,1.20,30.0%,0,1.90元/平米/月,住宅
正南大厦,越秀-北京路-正南路15号,32600,1997年,70年,1.20,20.0%,1,0.50元/平米/月,住宅
越秀北路420号,越秀-小北-越秀北路420号,54500,2015年,70年,1.20,30.0%,0,0.50元/平米/月,住宅
文苑大厦,越秀-北京路-西湖路74号,43000,2000年,70年,1.20,15.0%,0,0.50元/平米/月,住宅
长堤湾畔德丰名轩,越秀-解放南-一德中路319-335号,47800,2002年,70年,3.50,10.0%,1,2.00元/平米/月,住宅
伟业阁,越秀-西门口-长福西街4号,29800,2001年,70年,2.52,34.5%,1,1.60元/平米/月,住宅
长大公路宿舍,天河-体育西路-广州大道中,25000,2005年,70年,1.20,30.0%,0,0.50元/平米/月,住宅
越豪大厦,越秀-北京路-越秀北路89号,33000,1998年,70年,3.00,10.0%,0,2.50元/平米/月,住宅
天成路小区,越秀-解放南-天成路,24000,1996年,70年,1.48,35.0%,0,1.20元/平米/月,住宅
银翔花园,越秀-黄花岗-先烈中路92号,43800,2001年,70年,3.85,35.0%,1,1.00元/平米/月,住宅
寺右二马路1-5号院,越秀-五羊新城-寺右二马路1-5号,57500,2000年,70年,1.20,30.0%,0,0.50元/平米/月,住宅
意达大厦,越秀-东川-东川路27号,46400,1997年,70年,2.00,15.0%,1,0.60元/平米/月,住宅
统战部大院,越秀-西门口-米市路58号,42000,1994年,70年,2.60,30.0%,0,0.50元/平米/月,住宅
淘金中行宿舍,越秀-淘金-淘金路184号,51000,1994年,70年,2.50,20.0%,1,0.50元/平米/月,住宅
书同巷,越秀-西门口-海珠北路,33000,1993年,70年,1.50,40.0%,0,3.45元/平米/月,住宅
市政协机关宿舍,越秀-五羊新城-明月二街12-16号,48600,2000年,70年,1.20,30.0%,0,0.50元/平米/月,住宅
永福正街61-87号围院小区,"越秀-环市东-永福正街73,75,77,79,83,85,87号",19400,1990年,70年,1.20,20.0%,0,0.50元/平米/月,住宅
淘金街小区,越秀-淘金-淘金街38-40号,50500,1996年,70年,2.30,20.0%,1,1.50元/平米/月,住宅
友谊剧院宿舍,越秀-流花-人民北路696号,28200,1995年,70年,1.20,28.0%,0,0.50元/平米/月,住宅
文化里小区,越秀-五羊新城-东泰路,38000,1996年,70年,2.60,28.0%,0,0.50元/平米/月,住宅
水荫路19号大院,越秀-环市东-水荫路19号,46000,1993年,70年,1.50,10.0%,1,0.90元/平米/月,住宅
怡乐园(越秀),越秀-解放中路-光塔路,38200,1994年,70年,2.00,20.0%,0,0.90元/平米/月,住宅
幸福小区,越秀-五羊新城-寺右一路,47600,1992年,70年,2.50,25.0%,1,0.90元/平米/月,住宅
诗家里,越秀-北京路-解放中路,35400,2015年,70年,1.20,30.0%,0,0.50元/平米/月,住宅
五羊新城明月路省政协大院,越秀-五羊新城-明月二街12-16号,52000,1995年,70年,1.20,20.0%,0,0.50元/平米/月,住宅
文德里,越秀-北京路-文明路,43200,1990年,70年,1.50,15.0%,0,0.90元/平米/月,住宅
云台里,越秀-解放南-云台里28号,36200,1990年,70年,2.50,20.0%,0,0.90元/平米/月,住宅
市公安局宿舍,越秀-农讲所-黄华路42-56号,39400,1990年,70年,1.20,20.0%,0,1.00元/平米/月,住宅
省妇幼保健院小区,越秀-流花-广园西路13号,18000,1998年,70年,2.54,13.0%,0,0.90元/平米/月,住宅
怡乐里社区,越秀-解放南-光塔路112号,38000,2015年,70年,1.20,30.0%,0,0.50元/平米/月,住宅
越秀北路410号小区,越秀-小北-越秀北路410号,48300,2004年,70年,1.20,30.0%,0,0.50元/平米/月,住宅
永福路89号大院,越秀-广园东-永福路89号,29400,1997年,70年,2.29,32.0%,1,1.80元/平米/月,住宅
粤华街小区,越秀-北京路-朝天路,38600,2015年,70年,1.50,30.0%,0,0.90元/平米/月,住宅
御东雅苑,"越秀-北京路-东风西路232,234,236号",79000,2014年,70年,5.60,30.0%,1,3.80元/平米/月,住宅
悦湖阁,越秀-解放北-东风西路120号,39800,1998年,70年,2.50,10.0%,1,1.00元/平米/月,住宅
越秀锦秀大厦,越秀-小北-下塘新村50-52号,38600,1999年,70年,2.68,30.0%,1,1.80元/平米/月,住宅
越秀中路125号大院,越秀-农讲所-越秀中路125号,45500,1998年,70年,1.20,20.0%,0,0.50元/平米/月,住宅
永胜中沙小区,越秀-东山口-东湖路,40000,2000年,70年,1.20,30.0%,1,0.50元/平米/月,住宅
永安横街大院,越秀-东川-永安横街,46600,2000年,70年,1.33,20.0%,1,0.80元/平米/月,住宅
椰诚阁,越秀-越秀南-挹翠路28号,44200,1999年,70年,8.40,30.0%,1,1.80元/平米/月,住宅
瑶华商业大厦,越秀-流花-三元里大道437-459号,19700,2004年,70年,1.20,30.0%,1,0.50元/平米/月,住宅
寺右新马路25号大院,越秀-五羊新城-寺右新马路25号,49500,2003年,70年,2.10,20.0%,0,0.50元/平米/月,住宅
顺景阁,越秀-五羊新城-寺右二横路17号,49100,2000年,70年,1.30,35.0%,0,0.50元/平米/月,住宅
烟墩新街小区,越秀-东山口-烟墩新街,50500,2000年,70年,1.20,30.0%,1,0.50元/平米/月,住宅
淘金日景台,越秀-淘金-淘金南路,40200,1998年,70年,1.50,30.0%,1,0.50元/平米/月,住宅
人民银行房改房,越秀-淘金-淘金路182号,52000,1996年,70年,2.50,20.0%,1,0.90元/平米/月,住宅
新南街大院,"越秀-东山口-东华东路新南街22,24号",60500,2015年,70年,2.13,20.0%,0,0.90元/平米/月,住宅
三建宿舍,越秀-环市东-淘金路167-169号,42800,2000年,70年,1.50,30.0%,0,1.00元/平米/月,住宅
三友里大院,越秀-小北-东风中路,37200,2002年,70年,1.50,30.0%,1,0.90元/平米/月,住宅
林业和园林局宿舍,越秀-东川-中山二三路,21400,1998年,70年,1.20,18.0%,1,0.70元/平米/月,住宅
羊城晚报宿舍,越秀-小北-小石新街,38200,2000年,70年,1.50,30.0%,0,0.40元/平米/月,住宅
新峰楼,越秀-广园东-云泉直街1号,25600,2005年,70年,2.00,30.0%,1,1.80元/平米/月,住宅
龙虎墙小区,越秀-农讲所-德政中路276号,40000,1997年,70年,1.50,18.0%,1,0.80元/平米/月,住宅
竹丝岗二马路39-1大院,越秀-农林下路-竹丝岗二马路39-1号,52000,1994年,70年,1.20,10.0%,0,0.50元/平米/月,住宅
竹丝岗小区,越秀-东川-竹丝岗二马路67号,42200,1992年,70年,2.30,10.0%,1,1.00元/平米/月,住宅
竹丝岗大马路23号大院,越秀-东川-竹丝岗大马路23号,42200,1998年,70年,1.20,20.0%,0,0.50元/平米/月,住宅
竹丝岗大马路14号大院,越秀-东川-竹丝岗大马路14号,42000,2015年,70年,1.20,30.0%,0,0.80元/平米/月,住宅
竹丝岗二马路41号大院,越秀-东川-竹丝岗二马路41号,50000,2005年,70年,1.20,30.0%,1,0.80元/平米/月,住宅
农讲所小区,越秀-农讲所-高华里,36800,1994年,70年,2.00,20.0%,0,0.50元/平米/月,住宅
中广大厦Hhouse,越秀-流花-人民北路612号,30000,1999年,70年,2.50,30.0%,1,1.30元/平米/月,住宅
文福大厦,越秀-北京路-万福路293号,50000,2004年,70年,1.20,30.0%,1,2.80元/平米/月,住宅
粤图广场,越秀-东川-合群一马路99-107号,49100,2000年,70年,1.20,30.0%,0,0.50元/平米/月,住宅
越秀南天大厦,越秀-一德路-海珠南路239-245号,32000,1990年,70年,2.60,35.0%,0,0.90元/平米/月,住宅
永福小区,越秀-广园东-永福路42号,31600,1996年,70年,2.50,35.0%,1,1.40元/平米/月,住宅
银湖大厦,越秀-北京路-西湖路38-50号,43400,1995年,70年,2.50,50.0%,1,1.00元/平米/月,住宅
医国街小区,越秀-盘福-医国街73-106号,37600,1990年,70年,1.20,20.0%,0,0.60元/平米/月,住宅
医国街112号小区,越秀-盘福-医国街112号,38000,1995年,70年,1.20,20.0%,0,0.50元/平米/月,住宅
粤康阁,越秀-五羊新城-广州大道中183号,48200,1996年,70年,2.50,12.0%,1,1.30元/平米/月,住宅
童心路小区,越秀-小北-童心路1-11号,31400,1997年,70年,2.51,35.0%,1,0.50元/平米/月,住宅
营房巷,越秀-解放北-中山六路,34400,2015年,70年,1.20,30.0%,0,0.50元/平米/月,住宅
越秀电信小区,越秀-黄花岗-原道路9-15号,48200,1993年,70年,3.00,30.0%,0,15.00元/平米/月,住宅
元岗村小区,越秀-东山口-老报社1-17号,46800,2000年,70年,1.20,30.0%,0,0.50元/平米/月,住宅
永福路38号大院,越秀-广园东-永福路38号,31800,1995年,70年,1.00,20.0%,0,1.30元/平米/月,住宅
陶瓷大厦,越秀-小北-环市中路272号,36600,1994年,70年,1.50,20.0%,1,0.90元/平米/月,住宅
天成路大院,越秀-解放南-天成路,23000,1996年,70年,2.00,50.0%,0,1.50元/平米/月,住宅
盛贤布艺城小区,越秀-大沙头-大沙头路31号,35800,1997年,70年,2.40,18.0%,0,1.00元/平米/月,住宅
市一宿舍大院,越秀-西门口-人民北路602-1号,25400,1988年,70年,2.00,36.0%,0,0.30元/平米/月,住宅
淘乐苑,越秀-淘金-淘金路66号,40400,2003年,70年,1.20,30.0%,0,0.50元/平米/月,住宅
市政大院,越秀-北京路-惠福西路375号,30000,1989年,70年,1.20,20.0%,1,1.50元/平米/月,住宅
四五八空军家属大院,越秀-东风东-东风东路801号,48200,1990年,70年,1.20,33.0%,1,0.70元/平米/月,住宅
寺右大街小区,越秀-五羊新城-寺右大街1-54号,46000,1992年,70年,2.40,12.0%,0,0.90元/平米/月,住宅
寺右二横路七号大院,越秀-五羊新城-寺右二横路七号,51500,2010年,70年,3.00,25.0%,0,1.00元/平米/月,住宅
迎恩里大院,越秀-北京路-迎恩里3号,50000,1990年,70年,2.00,20.0%,1,0.90元/平米/月,住宅
寺右中街小区,越秀-五羊新城-寺右中街11号,45800,1995年,70年,1.50,20.0%,0,1.80元/平米/月,住宅
寺右南华悦居,越秀-五羊新城-寺右南一街,49300,2003年,70年,2.71,10.0%,0,1.00元/平米/月,住宅
人民北路845号,越秀-西门口-人民北路845号,22200,2015年,70年,1.20,30.0%,0,0.50元/平米/月,住宅
人民北路861号,越秀-西门口-人民北路861-863号,20800,2015年,70年,1.20,30.0%,0,0.50元/平米/月,住宅
荣华北,越秀-中山路-东濠涌高架路,30600,2005年,70年,1.20,22.0%,0,0.50元/平米/月,住宅
市府机关宿舍大院,越秀-盘福-盘福路24号,38000,1995年,70年,1.20,20.0%,0,1.00元/平米/月,住宅
省社会科学培训中心宿舍,越秀-小北-秀北路228号,58000,1997年,70年,2.00,10.0%,1,1.50元/平米/月,住宅
轻工设计所,越秀-解放北-纸行路51号,29800,1995年,70年,1.50,20.0%,1,0.50元/平米/月,住宅
壬癸坊,越秀-北京路-中山五路,45200,2000年,70年,1.20,30.0%,0,0.30元/平米/月,住宅
瑞柏园,越秀-北京路-西湖路102号,25200,2002年,70年,1.20,30.0%,0,0.50元/平米/月,住宅
人民北路863号,越秀-西门口-人民北路863号,29000,2015年,70年,1.20,30.0%,0,0.50元/平米/月,住宅
清水塘小区,越秀-广园东-广园东路,30200,1995年,70年,1.50,12.0%,1,0.80元/平米/月,住宅
商业新村,越秀-西门口-东风西路175号,21600,2000年,70年,2.50,36.0%,0,1.20元/平米/月,住宅
三育路18号大院,越秀-东风东-三育路18号,54000,1990年,70年,2.40,15.0%,0,0.60元/平米/月,住宅
省影宿舍,越秀-北京路-文明路108-110号,39200,1998年,70年,1.20,20.0%,1,1.50元/平米/月,住宅
侨海苑,越秀-东湖-东船上街,40000,2015年,70年,1.20,20.0%,0,0.80元/平米/月,住宅
农林下路87-97号宿舍,越秀-农林下路-农林下路87-97号,58000,1995年,70年,1.20,20.0%,0,0.80元/平米/月,住宅
启明横马路别墅,越秀-东山口-启明横马路,63000,1998年,70年,1.00,50.0%,0,3.50元/平米/月,别墅
先烈南路19号大院,越秀-东风东-先烈南路19号,44400,1996年,70年,2.50,23.0%,1,0.90元/平米/月,住宅
邻德坊,越秀-北京路-文明路,44800,1990年,70年,1.20,20.0%,0,0.50元/平米/月,住宅
农林下路72号大院,越秀-农林下路-农林下路,57500,1995年,70年,1.20,32.0%,0,15.00元/平米/月,住宅
明月阁,越秀-五羊新城-明月一路20号,27600,2003年,70年,1.00,30.0%,0,5.00元/平米/月,住宅
乐景阁,越秀-共和路-寺右二横路10-3号,44800,1995年,70年,1.20,20.0%,0,0.50元/平米/月,住宅
先烈中大院,越秀-黄花岗-先烈中路100-105号,43800,1998年,70年,4.86,32.0%,0,0.80元/平米/月,住宅
贤乐里,越秀-一德路-一德路,21800,1996年,70年,1.20,30.0%,1,0.50元/平米/月,住宅
六榕路5号大院,越秀-北京路-六榕路5号,41800,1998年,70年,1.50,20.0%,0,0.90元/平米/月,住宅
农林上路五横路大院,越秀-农林下路-农林上路五横路,65000,2000年,70年,1.20,30.0%,0,10.00元/平米/月,住宅
明月二路邮政宿舍,越秀-五羊新城-明月二路18-22号,39600,1995年,70年,2.70,20.0%,0,0.60元/平米/月,住宅
流花雅轩,越秀-流花-站前横路,44600,2000年,70年,3.68,30.0%,1,1.50元/平米/月,住宅
农林东路22号大院,越秀-东山口-农林东路22号,75511,2000年,70年,3.00,45.0%,1,1.00元/平米/月,住宅
三茂公司宿舍,越秀-广园东-云泉路119号,26800,1998年,70年,1.50,20.0%,0,0.90元/平米/月,住宅
康乐里,越秀-解放中路-解放中路,28400,1990年,70年,1.20,20.0%,0,0.50元/平米/月,住宅
兴隆小区,越秀-北京路-百灵路,37200,1988年,70年,2.00,12.0%,1,0.50元/平米/月,住宅
新河轩,越秀-东山口-新河浦四横路29-33号,54500,2001年,70年,2.00,30.0%,1,1.50元/平米/月,住宅
人民北路金玉巷,越秀-西门口-人民北路,25400,1970年,70年,2.60,30.0%,0,0.90元/平米/月,住宅
区委宿舍,越秀-东川-竹丝岗四马路11号,29600,2000年,70年,1.20,30.0%,1,0.80元/平米/月,住宅
七株榕社区,越秀-解放南-海珠中路,31600,2004年,70年,1.20,50.0%,1,0.50元/平米/月,住宅
连新路小区,越秀-北京路-连新路,40000,1996年,70年,1.50,20.0%,0,1.00元/平米/月,住宅
