小区名字,小区地址,均价,容积率,绿化率,有无停车位,物业费,物业类型
珠江帝景苑,海珠-广州塔-灏景街1号,80352,1.34,30.0%,1,2.80元/平米/月,住宅
第三金碧花园,海珠-工业大道南-工业大道南804号,39765,2.50,43.0%,1,1.60元/平米/月,住宅
逸景翠园,海珠-广州大道南-广州大道南1028号,45963,2.70,31.0%,1,1.80元/平米/月,住宅
光大花园一期,海珠-工业大道北-革新路149-150号,54416,2.53,33.5%,1,0.60元/平米/月,住宅
保利花园(海珠),海珠-工业大道南-镜湖西街28号,41124,3.50,38.0%,0,1.00元/平米/月,住宅
罗马家园,海珠-沥滘-南洲路88号,41461,3.10,30.0%,1,2.40元/平米/月,住宅
翠城花园,海珠-昌岗-宝岗大道928号,53664,3.75,30.0%,1,1.50元/平米/月,住宅
第一金碧花园,海珠-工业大道南-工业大道南,35108,3.75,44.0%,1,1.00元/平米/月,住宅
保利红棉花园,海珠-江燕路-江燕路353号,34165,2.70,10.0%,1,0.90元/平米/月,住宅
珠江帝景紫龙府,海珠-广州塔-艺洲路602号,100616,2.60,30.0%,1,3.15元/平米/月,住宅
保利百合花园,海珠-工业大道南-工业大道中381号,43445,2.86,30.4%,1,1.93元/平米/月,住宅
江南新苑,海珠-新港西-新港西路20号,60778,3.80,30.0%,1,1.79元/平米/月,住宅
南洲花苑,海珠-南洲-南洲北路,23411,2.70,32.0%,1,0.60元/平米/月,住宅
雅郡花园,海珠-琶洲-新港东路48号,69674,1.30,35.0%,1,2.00元/平米/月,住宅
晓港湾,海珠-东晓南-文华街64号,33618,3.64,30.0%,1,0.55元/平米/月,住宅
英豪花园,海珠-东晓南-盈丰路,41176,2.81,45.0%,0,1.30元/平米/月,住宅
珠江御景湾,海珠-南洲-南洲路,45967,2.25,40.0%,1,3.50元/平米/月,住宅
雅郡花园(别墅),海珠-琶洲-新港东路48号,114621,1.30,35.0%,0,1.95元/平米/月,别墅
天誉半岛花园,海珠-工业大道北-同福西路40号,93172,3.67,48.0%,1,5.10元/平米/月,住宅
聚德花苑,海珠-赤岗-聚德路13-15号,30911,2.26,26.0%,1,0.50元/平米/月,住宅
珠江广场,海珠-滨江东-滨江东路835号,72274,4.00,30.0%,1,2.20元/平米/月,住宅
第二金碧花园,海珠-工业大道南-工业大道南821号,36871,3.80,35.0%,1,1.00元/平米/月,住宅
万华花园,海珠-南洲-盈丰路,31959,2.94,40.0%,1,1.20元/平米/月,住宅
保利天悦,海珠-琶洲-琶洲村新马路,177529,3.40,75.0%,1,4.50元/平米/月,住宅
侨诚花园,海珠-东晓南-工业大道南253号,31507,2.08,20.0%,1,0.70元/平米/月,住宅
琶洲新村,海珠-万胜围-太和里左十一巷,49844,3.40,30.0%,0,0.90元/平米/月,住宅
华标涛景湾,海珠-滨江中-滨江中路438号,68802,6.26,40.0%,1,2.50元/平米/月,住宅
新城国际寓,海珠-东晓南-金辉路,19849,3.50,30.0%,1,4.80元/平米/月,住宅
海珠半岛花园,海珠-滨江东-滨江东路37号,64338,3.20,30.0%,1,8.00元/平米/月,住宅
丽景花苑,海珠-赤岗-新港东路38-72号,40037,2.23,25.0%,0,0.80元/平米/月,住宅
南方花园,海珠-昌岗-昌岗中路,39526,4.21,40.0%,1,0.60元/平米/月,住宅
中海名都,海珠-滨江中-纺织路1号,57829,4.35,65.0%,1,0.90元/平米/月,住宅
富力银禧花园,海珠-滨江东-怡趣街13号,64196,1.67,30.0%,1,2.00元/平米/月,住宅
海富花园,海珠-江燕路-江燕路88号,48412,2.40,17.0%,1,0.80元/平米/月,住宅
明珠花园,海珠-滨江东-东晓路195号,33943,4.00,37.5%,1,3.50元/平米/月,住宅
光大花园三期,海珠-工业大道北-榕景路122号,59542,4.60,33.5%,1,2.00元/平米/月,住宅
江南西小区,海珠-江南西-江南西路98号,37115,1.50,40.0%,1,0.60元/平米/月,住宅
天鹅湾,海珠-工业大道北-天鹅街13号,108174,5.67,40.0%,1,5.80元/平米/月,住宅
富力千禧花园,海珠-新港西-新港西路17-19号,51701,4.00,41.0%,0,1.79元/平米/月,住宅
高雅湾,海珠-滨江东-滨江东路318号,82941,7.50,30.0%,1,3.50元/平米/月,住宅
金丰花园,海珠-赤岗-赤岗路,33629,8.36,50.0%,1,0.70元/平米/月,住宅
中海锦榕湾,海珠-工业大道北-榕景路112-166号,71396,2.32,30.0%,1,1.96元/平米/月,住宅
客村花园,海珠-客村-赤岗西路238-244号,18571,3.00,18.0%,1,0.90元/平米/月,住宅
合生帝景国际,海珠-昌岗-昌岗中路188号,56276,6.25,40.0%,1,2.80元/平米/月,住宅
富力现代广场,海珠-工业大道北-工业大道76-78号,47407,2.19,40.1%,1,1.96元/平米/月,住宅
丽影广场,海珠-客村-新港中路356号,48518,3.00,30.0%,0,0.90元/平米/月,住宅
中信君庭,海珠-滨江东-滨江东路,83160,7.32,30.0%,1,3.20元/平米/月,住宅
富景花园,海珠-中大-新港西路68号,40326,5.01,40.0%,0,1.18元/平米/月,住宅
怡雅居,海珠-赤岗-赤岗东路301号,28067,2.47,35.0%,1,0.40元/平米/月,住宅
愉景雅苑,海珠-新港西-新港西路235号,53451,4.25,30.0%,0,1.00元/平米/月,住宅
会展世界城,海珠-琶洲-新港东路,90700,1.16,38.0%,1,2.95元/平米/月,住宅
蓝色康园,海珠-滨江东-滨江东路562号,61280,3.26,37.0%,1,2.05元/平米/月,住宅
双子星城,海珠-新港西-金纺路117号,44327,1.07,20.0%,1,2.22元/平米/月,住宅
琶洲壹号,海珠-琶洲-新港东路2348号,88419,1.16,53.8%,1,3.90元/平米/月,别墅
富基广场,海珠-江南大道中-小港路163号,50838,6.53,25.0%,1,2.80元/平米/月,住宅
凤凰新村,海珠-工业大道北-工业大道北,27842,2.30,35.0%,1,0.60元/平米/月,住宅
杏坛小区,海珠-江南西-杏坛大街,42400,2.00,15.0%,1,0.50元/平米/月,住宅
财智大厦,海珠-滨江东-广州大道南448号,18970,2.50,35.0%,1,5.20元/平米/月,住宅
柏涛雅苑,海珠-昌岗-礼岗路6号,49438,2.86,30.0%,1,1.00元/平米/月,住宅
昌岗小区,海珠-昌岗-昌岗中路146-152号,38026,2.30,12.0%,1,0.50元/平米/月,住宅
磨碟沙花苑,海珠-琶洲西区-磨碟沙大街9号,52328,1.20,30.0%,0,0.50元/平米/月,住宅
市二宫小区,海珠-前进路-江南大道北,20716,2.50,30.0%,0,0.90元/平米/月,住宅
翠怡小区,海珠-江燕路-江南大道南路,27836,2.10,28.0%,1,0.75元/平米/月,住宅
高教花园,海珠-赤岗-新港东路38号,50000,2.00,20.0%,0,1.50元/平米/月,住宅
穗花新村,海珠-昌岗-江南大道中162号,44157,2.23,32.0%,1,1.10元/平米/月,住宅
合生颐景华苑,海珠-东晓南-东晓南路,43881,3.00,20.0%,1,1.90元/平米/月,住宅
叠彩园,海珠-广州大道南-叠景路,41950,2.89,40.0%,1,1.20元/平米/月,住宅
绿地越秀海玥,海珠-工业大道北-南边路,55075,7.00,35.0%,1,3.20元/平米/月,住宅
光大花园二期,海珠-工业大道北-榕景路,53430,2.53,35.0%,1,1.50元/平米/月,住宅
合生广场,海珠-广州大道南-叠景路249号,18079,4.02,30.0%,1,4.80元/平米/月,商住楼
金穗雅园,海珠-广州大道南-广州大道南933号,50714,2.50,46.0%,1,1.00元/平米/月,住宅
海城花苑,海珠-滨江东-东晓路,42836,1.00,25.0%,1,1.50元/平米/月,住宅
越秀可逸锦苑,海珠-江南西-杏园大街96-100号,73311,1.99,30.0%,1,3.00元/平米/月,住宅
顺景雅苑,海珠-新港西-顺景街4-16号,42510,2.80,30.0%,1,1.20元/平米/月,住宅
金海湾,海珠-滨江东-滨江东路555号,116588,6.03,35.0%,1,4.50元/平米/月,住宅
爱都铭轩,海珠-东晓南-东晓南路5号,34144,2.66,30.0%,1,1.50元/平米/月,住宅
雅居乐海珠小雅,海珠-工业大道南-石岗路18号,50395,5.50,40.0%,1,2.80元/平米/月,住宅
嘉仕花园东区,海珠-滨江东-怡宁街23号,55063,3.80,20.0%,1,2.05元/平米/月,住宅
佳信花园,海珠-赤岗-新港中路485号,60945,4.20,35.0%,1,1.50元/平米/月,住宅
丽景湾,海珠-滨江东-滨江东路907号,72545,5.46,68.0%,0,2.30元/平米/月,住宅
南景园,海珠-江燕路-燕翔路219号,40442,3.49,35.0%,1,1.20元/平米/月,住宅
丽园雅庭,海珠-赤岗-新港中路417号,54494,2.55,30.0%,1,1.80元/平米/月,住宅
锦丽居,海珠-东晓南-锦丽街18-102号,46436,3.27,40.0%,1,0.90元/平米/月,住宅
南洲名苑,海珠-南洲-南洲路13号,32599,2.70,32.0%,1,0.50元/平米/月,住宅
丽海雅居,海珠-滨江中-滨江中路东沙街28-38号,60489,2.50,25.8%,1,2.80元/平米/月,住宅
保利海棠花园,海珠-江燕路-江燕北路9号,57363,2.11,30.0%,1,1.60元/平米/月,住宅
佳大银湾,海珠-滨江东-仲恺路642-706号,61166,3.70,30.0%,1,1.96元/平米/月,住宅
富泽园,海珠-工业大道北-革新路116-19号,44786,2.36,24.0%,1,1.08元/平米/月,住宅
祈乐苑(海珠),海珠-新港西-怡乐路70号,40950,4.67,30.0%,1,1.50元/平米/月,住宅
中海橡园国际,海珠-工业大道北-水榕路83-85号,59919,2.32,30.0%,1,1.96元/平米/月,住宅
金雅苑,海珠-滨江东-滨江东路80-120号,46533,2.60,15.0%,1,5.00元/平米/月,住宅
鸣翠花园,海珠-工业大道南-工业大道南694号,47972,0.79,25.0%,1,1.40元/平米/月,住宅
坚真花园,海珠-赤岗-聚德西路,44661,2.63,32.8%,0,1.20元/平米/月,住宅
可逸豪苑,海珠-江南西-可逸中街,56177,3.51,30.0%,1,2.35元/平米/月,住宅
森语星园,海珠-南洲-森语一街6-12号,33370,3.33,37.0%,1,1.40元/平米/月,住宅
富力顺意花园,海珠-江燕路-顺意一街288号,39508,2.96,28.0%,1,1.20元/平米/月,住宅
愉景南苑,海珠-新港西-新港西路212号,53987,3.33,30.0%,0,1.00元/平米/月,住宅
芳草轩,海珠-东晓南-东晓南路1423号,43306,1.94,36.3%,1,2.50元/平米/月,住宅
金影花园,海珠-赤岗-艺苑南路148-260号,32730,2.22,23.0%,0,0.60元/平米/月,住宅
柏蕙花园,海珠-新港西-新港西路62号,52591,4.30,40.0%,1,1.80元/平米/月,住宅
华怡花园,海珠-赤岗-赤岗东路203号,30955,2.27,45.0%,0,0.40元/平米/月,住宅
益鹏翠苑,海珠-南洲-益通三街6号,29513,3.04,33.0%,1,1.00元/平米/月,住宅
翠馨华庭,海珠-广州大道南-广州大道南966号,34422,4.70,50.0%,1,0.90元/平米/月,住宅
鸿运花园(海珠),海珠-客村-新港中路368号,37789,2.70,62.0%,1,0.60元/平米/月,住宅
滨江瑞城,海珠-工业大道南-东晓南路1524号,40051,3.12,35.0%,1,2.50元/平米/月,住宅
万科金域华庭,海珠-滨江西-同福西路169-209号,66410,3.80,34.1%,1,3.20元/平米/月,住宅
华标品峰,海珠-滨江西-滨江中路466号,79553,6.28,25.0%,1,3.60元/平米/月,住宅
富力千禧花园三期,海珠-新港西-千禧三街,70260,4.00,51.0%,1,1.80元/平米/月,住宅
新鸿花园,海珠-广州塔-江丽路,53799,3.45,27.0%,1,0.80元/平米/月,住宅
尚东峰景,海珠-南洲-南洲北路,43005,2.73,36.9%,1,1.80元/平米/月,住宅
官洲南苑,海珠-琶洲-仁义街1号,29588,3.00,41.0%,1,0.80元/平米/月,住宅
万科派,海珠-江燕路-江燕路,31938,5.00,35.0%,1,6.50元/平米/月,住宅
中山大学宿舍,海珠-中大-新港西路135号,65001,2.60,25.0%,0,0.90元/平米/月,住宅
中海锦苑,海珠-滨江东-滨江东路957-961号,81731,4.56,38.6%,1,4.20元/平米/月,住宅
星晖园,海珠-南洲-星晖街,16700,1.50,20.0%,1,1.50元/平米/月,住宅
元邦明月园,海珠-赤岗-赤岗东路231号,51338,5.31,37.0%,1,1.96元/平米/月,住宅
金碧湾,海珠-工业大道北-革新路105号,71838,2.06,46.9%,1,2.00元/平米/月,住宅
保利康桥,海珠-滨江东-滨江东路502号,95000,3.80,30.0%,1,3.00元/平米/月,住宅
兰亭熙园,海珠-昌岗-昌岗中路164号,54950,2.00,30.0%,1,2.20元/平米/月,住宅
海天花苑,海珠-广州大道南-金菊路61-99号,41354,7.90,36.0%,1,1.50元/平米/月,住宅
尚领时代,海珠-东晓南-东晓南路,34427,3.35,30.0%,1,1.50元/平米/月,住宅
和辉花园,海珠-南洲-和辉街43号,26969,2.17,32.0%,1,1.00元/平米/月,住宅
富力金禧花园,海珠-宝岗-福场路5号,56047,3.80,10.0%,1,2.50元/平米/月,住宅
信和苑,海珠-昌岗-昌岗中路211-215号,41558,4.10,30.0%,1,1.60元/平米/月,住宅
海琴湾,海珠-滨江东-滨江东路511号,66851,3.30,22.0%,1,2.30元/平米/月,住宅
保利百合花园二期,海珠-江燕路-凤岗路7号,39647,2.85,35.0%,1,1.80元/平米/月,住宅
纵横公寓,海珠-赤岗-新港中路456号,38759,4.30,37.0%,1,1.80元/平米/月,住宅
星辉豪庭,海珠-昌岗-江南大道南368-15号,31391,2.50,28.0%,1,2.80元/平米/月,住宅
力迅时光里,海珠-江南西-海逸街,61841,4.53,36.4%,1,3.10元/平米/月,住宅
金豪嘉苑,海珠-上渡路-上渡路,55034,6.50,35.0%,0,1.40元/平米/月,住宅
光大花园四期,海珠-沙园-榕景路,64978,2.50,33.5%,1,1.55元/平米/月,住宅
赤岗二街小区,海珠-赤岗-赤岗二街16号,30469,2.30,32.0%,0,0.50元/平米/月,住宅
海景阁,海珠-滨江东-怡海路28号,39049,1.50,11.0%,0,1.20元/平米/月,住宅
凤安花园,海珠-工业大道北-革新路16-1号,33846,3.94,60.0%,1,0.40元/平米/月,住宅
加怡花园,海珠-东晓南-侨港路,36307,3.50,21.0%,1,1.20元/平米/月,住宅
晓燕湾,海珠-江燕路-晓燕街83号,44468,2.63,20.0%,1,0.60元/平米/月,住宅
福苑小区,海珠-宝岗-松漱前27号,33374,2.50,30.0%,0,0.90元/平米/月,住宅
东翠花园,海珠-滨江东-东翠南街2-30号,37795,1.30,30.0%,1,1.50元/平米/月,住宅
滨江西路小区,海珠-滨江东-滨江西路242号,24800,1.00,25.0%,1,1.00元/平米/月,住宅
怡雅苑(海珠),海珠-宝岗-马涌直街82-106号,35625,3.33,35.0%,1,0.80元/平米/月,住宅
粤信广场,海珠-赤岗-石榴岗路2号,43986,2.57,30.0%,1,0.80元/平米/月,住宅
紫丹阁,海珠-江南西-紫丹大街52号,41564,3.50,30.0%,1,1.50元/平米/月,住宅
南园居,海珠-琶洲-新港东路368号,46290,1.20,30.0%,1,0.60元/平米/月,住宅
佳滨苑,海珠-滨江东-万寿路,59932,4.52,30.0%,0,2.80元/平米/月,住宅
恒鑫东和湾,海珠-滨江东-滨江东路698号,56333,5.00,30.0%,1,2.00元/平米/月,住宅
泊雅湾,海珠-广州塔-艺苑路207号,87099,2.50,30.0%,1,2.60元/平米/月,住宅
赤岗大塘公安宿舍,海珠-赤岗-新安街11号,34946,1.50,20.0%,1,0.50元/平米/月,住宅
敦和花园,海珠-广州大道南-敦和路89-143号,35864,2.50,30.0%,0,0.60元/平米/月,住宅
中旅侨苑,海珠-昌岗-昌岗中路166号,41028,8.34,35.0%,1,1.50元/平米/月,住宅
乐涛苑,海珠-上渡路-下渡路12号,49657,3.16,40.0%,1,1.80元/平米/月,住宅
江南翠菊园,海珠-江南西-紫来大街,42061,4.12,35.0%,1,1.20元/平米/月,住宅
花城湾畔,海珠-滨江东-滨江中路380号,55065,8.21,17.0%,1,2.50元/平米/月,住宅
远安小区,海珠-滨江中-远安新街,32596,1.80,15.0%,1,0.50元/平米/月,住宅
梅园南路小区,海珠-工业大道北-梅园南路1-38号,25000,2.00,20.0%,1,0.45元/平米/月,住宅
帝景华苑,海珠-广州塔-艺洲路,73720,3.33,40.0%,1,2.30元/平米/月,住宅
影城花园,海珠-客村-新港中路350-5号,40419,6.20,20.0%,1,1.80元/平米/月,住宅
滨江怡苑芭堤水岸,海珠-滨江东-环月街2号,68155,1.80,38.0%,1,2.10元/平米/月,住宅
汇美景台,海珠-滨江东-滨江东路937号,100194,3.77,48.0%,1,4.00元/平米/月,住宅
嘉鸿花园,海珠-工业大道南-工业大道南997号,30428,4.00,12.0%,1,1.20元/平米/月,住宅
江南美景花园,海珠-新港西-新港西路82号,52144,4.80,30.0%,1,1.30元/平米/月,住宅
滨江花园,海珠-滨江东-东晓路70-82号,36585,1.77,20.0%,1,0.60元/平米/月,住宅
畔江花园,海珠-琶洲-畔江内街,57660,1.80,35.0%,1,2.00元/平米/月,住宅
滨江明珠,海珠-滨江东-滨江东路209号,81797,3.63,30.0%,1,3.00元/平米/月,住宅
晓园新村,海珠-昌岗-江南大道南3号,33686,2.00,11.0%,1,0.90元/平米/月,住宅
世纪云顶雅苑,海珠-滨江东-广州大道南252-282号,63613,4.60,37.0%,1,1.90元/平米/月,住宅
宏宇广场,海珠-宝岗-宝岗大道10-12号,34591,10.20,24.0%,1,0.88元/平米/月,住宅
自由心岸,海珠-滨江东-东晓路,49665,3.13,35.0%,0,3.00元/平米/月,住宅
兰亭御园,海珠-滨江西-南华中路180号,58198,5.00,31.0%,1,2.50元/平米/月,住宅
琴海居,海珠-广州塔-东庆街1号,74588,2.00,35.0%,1,1.60元/平米/月,住宅
江燕花园,海珠-江燕路-江燕路124号,34593,3.33,28.0%,1,0.80元/平米/月,住宅
赤岗一街小区,"海珠-赤岗-赤岗一街2,4号",32945,2.50,35.0%,0,0.90元/平米/月,住宅
可逸家园,海珠-江南西-青柳大街,61953,2.80,46.0%,1,2.35元/平米/月,住宅
可逸名庭,海珠-江南西-宝岗大道,46249,2.98,16.0%,1,1.30元/平米/月,住宅
江南玫瑰园,海珠-江南西-青竹大街23号,58582,3.50,30.0%,1,0.90元/平米/月,住宅
滨江1933,海珠-滨江中-滨江西路200号,78611,8.70,38.5%,1,3.50元/平米/月,住宅
金玫瑰苑,海珠-工业大道南-工业大道997号,35535,2.79,30.0%,1,1.38元/平米/月,住宅
华保花园,海珠-赤岗-石榴岗路14号,30000,2.50,35.0%,1,0.60元/平米/月,住宅
泓景花园(B区),海珠-广州塔-艺泓路23号,84421,4.33,30.0%,1,1.80元/平米/月,住宅
中顺领御公馆,海珠-工业大道北-南永翠路,40536,4.60,30.75%,1,2.50元/平米/月,住宅
滨江水恋,海珠-广州大道南-红梅路,101722,7.94,30.0%,1,3.50元/平米/月,住宅
江南花园(一期-二期),海珠-宝岗-宝业路4号,45652,4.50,35.0%,1,1.60元/平米/月,住宅
瑞宝花园,海珠-东晓南-东晓南路1510-1526号,29871,1.65,20.0%,1,0.70元/平米/月,住宅
米兰苑,海珠-广州塔-广州大道南,43178,2.08,30.0%,1,0.50元/平米/月,住宅
绿茵翠庭,海珠-赤岗-翠庭一街1号,32377,2.55,42.0%,0,1.00元/平米/月,住宅
杏园小区,海珠-江南西-杏园大街,42047,3.10,10.0%,1,0.65元/平米/月,住宅
船检大院,海珠-江南西-隔山新街11号,26800,1.20,15.0%,1,0.50元/平米/月,住宅
金沙花园(海珠),海珠-工业大道北-革新路125号,41687,2.90,40.0%,1,1.50元/平米/月,住宅
新理想华庭,海珠-广州塔-艺苑路229号,61441,3.20,25.0%,1,1.55元/平米/月,住宅
朗晴居,海珠-滨江东-基立街,57893,3.50,30.0%,1,1.50元/平米/月,住宅
海印南苑,海珠-滨江东-海联路61-65号,38644,3.48,30.0%,1,暂无,住宅
汇龙居,海珠-赤岗-赤岗东路271-277号,39189,3.16,20.0%,1,0.40元/平米/月,住宅
沙园广重社区,海珠-沙园-沙园路,33260,2.29,25.0%,1,0.66元/平米/月,住宅
滨江东体委大院,海珠-滨江东-滨江东路549号,39537,2.59,40.0%,0,0.80元/平米/月,住宅
江畔华庭,海珠-滨江东-滨江东路,62988,2.82,30.0%,1,1.80元/平米/月,住宅
穗发花园,海珠-新港西-新港西路142号,33500,3.12,35.0%,1,0.55元/平米/月,住宅
海逸花园,海珠-江南大道中-江南大道中110号,44285,4.32,30.01%,1,1.20元/平米/月,住宅
君华天汇,海珠-滨江西-滨江西路112号,76258,2.50,25.6%,1,4.00元/平米/月,住宅
珠江大家庭花园,海珠-琶洲-庭园路91-111号,53601,1.10,30.0%,1,1.80元/平米/月,住宅
昌岗东路小区,海珠-昌岗-昌岗东路278-284号,23600,1.20,20.0%,1,0.50元/平米/月,住宅
金盛大厦,海珠-昌岗-昌岗中路245号,38597,1.23,30.0%,1,1.00元/平米/月,住宅
珠江新岸公寓,海珠-滨江东-玉菡路28号,58520,5.96,35.0%,1,5.20元/平米/月,住宅
翔韵雅居,海珠-滨江东-雅乐街43-59号,55001,4.77,25.0%,1,1.80元/平米/月,住宅
丽水庭园,海珠-广州塔-江丽路89号,71641,3.90,48.0%,1,1.90元/平米/月,住宅
海珠花园,海珠-前进路-前进路148号,46400,6.00,15.0%,0,2.50元/平米/月,住宅
动感华庭,海珠-江燕路-康体街8号,35295,1.18,30.0%,1,1.20元/平米/月,住宅
和平家园,海珠-广州大道南-广州大道南,56967,4.92,40.0%,1,1.20元/平米/月,住宅
顺华名庭,海珠-新港西-新港西路144号,33989,5.10,21.0%,1,1.20元/平米/月,住宅
信达阳光海岸,海珠-滨江东-信泰街1-9号,86740,2.50,30.0%,1,3.00元/平米/月,住宅
江南雅居(一期),海珠-昌岗-礼岗路,36090,2.98,30.0%,1,1.00元/平米/月,住宅
华乐苑,海珠-新港西-新港西路235-3号,38510,2.76,10.0%,0,0.55元/平米/月,住宅
青竹大街小区,海珠-江南西-青竹大街,41363,1.50,14.0%,1,0.60元/平米/月,住宅
岭南小区,海珠-广州大道南-敦和路110号,30769,2.61,30.0%,0,1.80元/平米/月,住宅
索丽苑,海珠-赤岗-聚德南路48号,33372,2.60,25.0%,1,1.20元/平米/月,住宅
兰亭颖园,海珠-前进路-前进北街,47000,2.30,40.13%,1,1.20元/平米/月,住宅
盈丰华轩,海珠-工业大道南-凤岗路44号,36000,4.80,30.0%,1,1.20元/平米/月,住宅
星御翠园,海珠-广州大道南-凤康路135-167号,32000,3.50,30.0%,1,2.18元/平米/月,住宅
怡乐花园,海珠-滨江东-怡乐路,40000,3.63,30.0%,1,1.60元/平米/月,住宅
东华星域,海珠-江南大道中-江南大道中79号,57928,5.79,30.0%,1,2.50元/平米/月,住宅
晓南花园,海珠-东晓南-晓南二街12号,25035,1.50,15.0%,1,0.40元/平米/月,住宅
丽林景苑,海珠-南洲-南洲北路,39371,2.30,30.0%,1,0.80元/平米/月,住宅
广发新村,海珠-赤岗-新港中路489号,34020,3.38,30.0%,1,0.80元/平米/月,住宅
宝岗华庭,海珠-宝岗-莲花南街2号,43000,4.62,30.0%,1,1.80元/平米/月,住宅
赤岗苑,海珠-赤岗-靖晖街1-9号,25624,2.30,35.0%,0,0.50元/平米/月,住宅
怡安花园,海珠-滨江中-怡安路200-286号,32083,2.50,30.0%,1,0.75元/平米/月,住宅
锦骏华庭,海珠-滨江东-滨江东路788号,53361,1.12,15.0%,1,1.80元/平米/月,住宅
海外花园,海珠-昌岗-礼岗路,33738,4.66,27.0%,1,0.90元/平米/月,住宅
雅林居,海珠-广州大道南-新敦路46号,26661,2.61,30.0%,1,0.45元/平米/月,住宅
碧雅苑,海珠-中大-兴隆新街64-66号,21200,1.49,20.0%,0,1.20元/平米/月,住宅
时代廊桥(海珠),海珠-南洲-南洲路66号,45000,3.40,33.0%,1,1.80元/平米/月,住宅
晓港雅筑,海珠-晓港-昌岗东路270号,36800,3.80,21.0%,1,0.90元/平米/月,住宅
七所社区,海珠-客村-新港中路375号,52832,1.50,20.0%,1,0.90元/平米/月,住宅
瀚林水岸,海珠-滨江东-怡乐路45号,55783,2.50,30.0%,1,1.50元/平米/月,住宅
宝岗大厦,海珠-宝岗-宝岗路251号,28000,8.80,13.0%,1,0.80元/平米/月,住宅
雅致花园,海珠-工业大道南-工业大道373号,32221,2.60,30.0%,1,1.30元/平米/月,住宅
珠光高派华庭,海珠-滨江东-滨江东路586号,50913,4.00,40.0%,1,2.50元/平米/月,住宅
江景苑,海珠-上渡路-下渡路,35237,1.50,30.0%,1,0.75元/平米/月,住宅
亿海湾,海珠-宝岗-南华中路297-319号,45238,9.20,31.0%,1,2.00元/平米/月,住宅
海洋雅苑,海珠-新港西-新港西路155号,34235,3.04,38.0%,1,0.50元/平米/月,住宅
世港花园,海珠-琶洲-新港东路192-198号,67460,2.20,40.0%,1,2.50元/平米/月,住宅
君晖苑小区,海珠-赤岗-岗园街89号,28600,3.00,20.0%,1,1.20元/平米/月,住宅
利安花园,海珠-广州塔-利安二街2号,48000,3.97,15.0%,1,0.50元/平米/月,住宅
恒鑫御雅庭,海珠-赤岗-江海大道中,48500,3.00,40.0%,1,1.96元/平米/月,住宅
朗晴居二期,海珠-滨江中-草芳围2号,51000,3.50,30.0%,1,1.50元/平米/月,住宅
鸿益华府,海珠-工业大道南-新业路51号,45800,3.26,30.0%,1,2.80元/平米/月,住宅
凤阳小区,海珠-江燕路-凤阳街5-49号,30855,2.00,35.0%,1,0.50元/平米/月,住宅
昌盛小区,海珠-宝岗-昌盛大街27-63号,32309,2.41,20.0%,1,0.90元/平米/月,住宅
晓阳阁,海珠-东晓南-泰沙路229号,18958,2.58,14.0%,0,0.80元/平米/月,住宅
赤岗三街2-30号小区,海珠-赤岗-赤岗三街2-30号,31304,2.50,32.0%,0,0.50元/平米/月,住宅
江湾花苑,海珠-滨江东-江湾路156号,39165,1.00,20.0%,1,0.70元/平米/月,住宅
翠丽苑,海珠-赤岗-石榴岗路10号,38554,2.76,20.0%,0,0.50元/平米/月,住宅
怡龙苑,海珠-宝岗-宝岗大道中165号,28666,3.67,20.0%,1,0.40元/平米/月,住宅
星品,海珠-琶洲-磨碟沙大街,79055,1.48,42.4%,1,2.80元/平米/月,住宅
福景居,海珠-赤岗-赤岗路150-200号,28246,0.91,35.0%,1,0.50元/平米/月,住宅
仲恺农学院教工宿舍,海珠-滨江东-东沙街27号,49731,1.90,12.0%,1,0.50元/平米/月,住宅
翠屏瀚宇贵都,海珠-宝岗-南田路,49809,2.50,20.0%,1,1.80元/平米/月,住宅
工业大道北路小区,海珠-工业大道北-工业大道北路,27400,2.90,25.0%,1,0.75元/平米/月,住宅
新港东电力设计院宿舍,海珠-琶洲-新港东路88-90号,54000,2.40,39.0%,1,0.50元/平米/月,住宅
会展西岸,海珠-琶洲-磨碟沙大街,68954,2.86,38.0%,0,0.90元/平米/月,住宅
江南嘉居,海珠-江南西-马涌直街61号,30497,1.70,42.0%,1,0.80元/平米/月,住宅
西基东小区,海珠-宝岗-西基东路,26209,2.50,30.0%,0,0.90元/平米/月,住宅
信步闲庭(海珠),海珠-赤岗-石榴岗路,50532,2.75,20.0%,1,1.80元/平米/月,住宅
银珠苑(海珠),海珠-滨江东-海联路10号,33592,3.52,30.0%,1,1.80元/平米/月,住宅
泓景花园A区,海珠-赤岗-艺泓路16号,70168,4.33,30.0%,1,1.60元/平米/月,住宅
富华楼(海珠),海珠-滨江东-大江涌25号,29600,2.40,20.0%,1,0.60元/平米/月,住宅
基建新村,海珠-昌岗-工业大道中,22664,2.00,14.0%,1,0.40元/平米/月,住宅
新雅苑,海珠-广州大道南-敦和路312-318号,23200,1.10,28.0%,1,1.50元/平米/月,住宅
紫龙大街小区,海珠-江南西-紫龙大街118号,35135,3.50,15.0%,1,1.50元/平米/月,住宅
珠影小区,海珠-赤岗-新港中路354号,40722,3.25,25.0%,1,0.90元/平米/月,住宅
润汇大厦,海珠-江南西-江南西路66号,56034,2.00,30.0%,1,1.95元/平米/月,住宅
瑞康大厦,海珠-新港西-瑞康路95-111号单号,20000,2.83,11.0%,1,0.90元/平米/月,住宅
细岗东路小区,海珠-新港西-细岗路细岗东一街6-16号,26800,1.50,20.0%,1,0.80元/平米/月,住宅
康怡苑,海珠-新港西-新港西路156号,28434,2.26,30.0%,1,0.90元/平米/月,住宅
鹅潭明珠苑,海珠-工业大道北-新民八街39号,46400,2.25,45.0%,1,1.50元/平米/月,住宅
星汇海珠湾,海珠-工业大道南-广纸路40号,55674,4.70,35.0%,1,3.38元/平米/月,住宅
天立俊园,海珠-滨江东-滨江东路1008号,43598,2.50,30.0%,1,2.00元/平米/月,住宅
保利丰花园,海珠-工业大道北-洪德路185-191号,35000,2.50,20.0%,1,1.60元/平米/月,住宅
南北广场,海珠-宝岗-宝岗大道168号,35683,7.90,30.0%,1,1.50元/平米/月,住宅
金融街融御,海珠-工业大道南-石岗路12号,67453,2.50,40.0%,1,3.37元/平米/月,住宅
云玉大厦,海珠-滨江西-南华东路451-453号,20833,1.50,22.0%,0,0.90元/平米/月,住宅
江山国际,海珠-琶洲-杨青路13号-31号,113212,1.73,30.0%,1,4.50元/平米/月,住宅
中海联同福睿府,海珠-宝岗-同福东路608号,51818,6.07,30.0%,1,2.80元/平米/月,住宅
南珠广场,海珠-江燕路-江燕路111号,34271,3.17,15.0%,0,0.80元/平米/月,住宅
荔福路大院,海珠-宝岗-荔福路,29000,1.80,12.0%,0,0.50元/平米/月,住宅
南华花园,海珠-中大-凤景西路38号,25000,2.90,35.0%,1,1.20元/平米/月,住宅
佳兆业君汇上品,海珠-前进路-江南大道中81-83号,60937,2.50,30.0%,1,2.80元/平米/月,住宅
金星花园,海珠-赤岗-海崖街1-19号,33355,2.25,10.0%,1,0.40元/平米/月,住宅
鸿富大厦,海珠-前进路-君雅街35号,47688,1.70,11.0%,0,1.20元/平米/月,住宅
同福中路小区,海珠-宝岗-同福中路,40888,4.60,13.0%,1,1.00元/平米/月,住宅
银业国际,海珠-广州大道南-广州大道南859号,40795,9.17,30.0%,1,2.50元/平米/月,住宅
浪琴居,海珠-滨江东-滨江东路758-766号,51084,4.00,12.0%,1,1.00元/平米/月,住宅
翠园小区,海珠-广州塔-翠微街10号,62727,1.50,34.0%,1,1.50元/平米/月,住宅
惠侨苑,海珠-东晓南-英华街109号,24800,3.60,30.0%,0,1.60元/平米/月,住宅
鹭苑公寓,海珠-下渡路-下渡路64-76号,34000,2.50,15.0%,1,0.50元/平米/月,住宅
晓港中马路小区,海珠-昌岗-晓港中马路128号,23200,3.18,15.0%,1,1.20元/平米/月,住宅
源海御苑,海珠-工业大道北-风安一街61号,37800,9.43,30.0%,1,2.35元/平米/月,住宅
毛纺小区,海珠-赤岗-新港中路452号之二,33133,2.30,30.0%,0,0.60元/平米/月,住宅
电器研究所大院,海珠-新港西-新港西路206号,52674,2.10,50.0%,1,0.50元/平米/月,住宅
大展雅苑,海珠-南洲-南洲路,26400,1.90,23.0%,1,1.20元/平米/月,住宅
紫山大街小区,海珠-江南西-紫山大街,38294,1.20,16.0%,1,0.60元/平米/月,住宅
恒洲小苑,海珠-南洲-进贤大街3号,39366,2.50,30.0%,1,0.90元/平米/月,住宅
昌岗中路102号大院,海珠-昌岗-昌岗中路102号,30200,1.50,30.0%,0,0.90元/平米/月,住宅
昌岗东电信大厦,海珠-晓港-昌岗东路282-292号,37500,2.00,35.0%,1,1.50元/平米/月,住宅
赤岗二街1号大院,海珠-赤岗-赤岗二街1号,30597,2.30,15.0%,0,0.50元/平米/月,住宅
南洲花苑C区,海珠-南洲-南洲北路,31692,2.70,32.0%,1,0.60元/平米/月,住宅
赤岗商住楼,海珠-赤岗-赤岗西路横一街27-33号,24600,2.00,14.0%,1,1.00元/平米/月,住宅
福南新街小区,海珠-江燕路-工业大道中,26600,1.38,12.0%,1,0.90元/平米/月,住宅
一方雅居,海珠-晓港-细岗路32号,37600,1.58,30.0%,0,0.90元/平米/月,住宅
革新路小区,海珠-工业大道北-革新路,23715,2.53,14.0%,0,0.90元/平米/月,住宅
广船沙园五一新村,海珠-工业大道北-工业大道北123号,36853,2.00,18.0%,1,0.50元/平米/月,住宅
东方雅苑,海珠-工业大道南-石岗路12号之3-4,16129,2.80,25.0%,0,0.50元/平米/月,住宅
益丰花园,海珠-前进路-江南大道北,29996,2.30,25.0%,1,1.50元/平米/月,住宅
心江南怡和苑,海珠-江南大道中-新滘西路289号,41400,4.87,30.0%,1,1.85元/平米/月,住宅
领江公馆,海珠-广州塔-艺景路,71500,1.50,30.0%,1,3.50元/平米/月,住宅
蓝色快线,海珠-江南大道中-益丰北街7-9号,41325,7.18,20.0%,1,1.50元/平米/月,住宅
礼岗路小区,海珠-昌岗-礼岗路,30399,1.50,15.0%,1,0.90元/平米/月,住宅
新港西远洋宿舍,海珠-新港西-新港西路35号,34000,3.20,35.0%,1,1.00元/平米/月,住宅
荔福小区,海珠-宝岗-荔福二街,32965,2.18,60.0%,0,1.00元/平米/月,住宅
金穗东苑,海珠-广州大道南-新敦路52-66号,50500,3.07,40.1%,1,2.20元/平米/月,住宅
阳光名苑,海珠-工业大道北-工业大道北175号,34200,2.80,15.0%,1,1.50元/平米/月,住宅
水产厅宿舍,海珠-宝岗-南村路20号,27600,1.50,20.0%,0,0.90元/平米/月,住宅
金昌大厦,海珠-昌岗-昌岗中路187号,34746,2.80,10.0%,1,1.10元/平米/月,住宅
江南苑,海珠-沙园-荔福路38号,35294,1.53,30.0%,1,1.50元/平米/月,住宅
灏景阁,海珠-中大-柏蕙街16号,39835,1.60,30.0%,0,0.40元/平米/月,住宅
紫金楼,海珠-江南西-杏园大街,35590,3.33,16.0%,1,0.40元/平米/月,住宅
星海明珠,海珠-广州大道南-樱花街48号,50872,2.00,40.0%,1,1.70元/平米/月,住宅
茶厂宿舍,海珠-滨江东-东晓路375-381号,31175,1.50,15.0%,1,1.00元/平米/月,住宅
雅景苑(海珠),海珠-上渡路-雅乐街11-37号,32000,2.78,23.0%,1,0.60元/平米/月,住宅
紫金大街小区,海珠-江南西-紫金大街,34743,2.50,12.0%,1,0.50元/平米/月,住宅
青柳大街小区,海珠-江南西-青柳大街2号,36184,1.49,28.0%,1,0.60元/平米/月,住宅
江南花园三期,"海珠-沙园-宝业路,近宝岗大道",45000,4.50,35.0%,1,1.60元/平米/月,住宅
基立大厦,海珠-前进路-上坑直街24-26号,28200,3.50,19.0%,1,0.60元/平米/月,住宅
丰盈居,海珠-广州大道南-蕙兰路1号,51487,3.97,20.0%,1,1.50元/平米/月,住宅
江南乐居苑,海珠-宝岗-龙田西街1-55号,29622,2.50,30.0%,1,0.55元/平米/月,住宅
得胜岗大院,海珠-江南西-江南大道中151-160号,25200,2.00,20.0%,0,0.90元/平米/月,住宅
保利天悦(商住楼),海珠-琶洲-琶洲村新马路,45705,3.40,45.0%,0,3.59元/平米/月,商住楼
富荣新村,海珠-江南西-江泰路,31690,1.00,20.0%,0,0.40元/平米/月,住宅
细岗路小区,海珠-昌岗-细岗东四街,30274,1.50,10.0%,1,0.80元/平米/月,住宅
民泰阁,海珠-江南大道中-南泰路643-647号,29200,3.71,20.0%,1,0.40元/平米/月,住宅
客村苑,海珠-广州大道南-敦和路140号,25659,3.00,20.0%,1,0.40元/平米/月,住宅
海珠半岛花园(三期),海珠-中大-滨江东路543-549号,99788,3.20,30.0%,0,8.00元/平米/月,住宅
侨诚花园宝通街小区,海珠-东晓南-宝通街,27000,2.08,20.0%,1,0.55元/平米/月,住宅
桥东街小区,海珠-前进路-桥东街,21000,1.20,15.0%,1,0.65元/平米/月,住宅
万翠苑,海珠-南洲-侨港路,29400,3.40,40.0%,1,0.55元/平米/月,住宅
康泰花苑(海珠),海珠-江南西-康泰街,18863,2.20,30.0%,1,0.90元/平米/月,住宅
聚宝阁,海珠-赤岗-赤岗东路302-312号,26400,2.40,30.0%,0,0.60元/平米/月,住宅
金丰大厦(海珠),海珠-赤岗-赤岗路173号之2,38000,8.60,10.0%,1,1.90元/平米/月,住宅
江南大道中东街小区,海珠-江南西-江南大道中东街,37390,1.50,20.0%,1,0.50元/平米/月,住宅
和安大厦,海珠-工业大道南-永翠路30号,33415,2.75,10.0%,1,1.80元/平米/月,住宅
龙祥大厦,海珠-赤岗-石榴岗路9号,23800,1.97,35.0%,1,0.50元/平米/月,住宅
富力壹号半岛,海珠-万胜围-玥珑街1号,57500,2.60,30.0%,1,3.00元/平米/月,住宅
海逸半岛,海珠-工业大道北-新民五街48号,22400,2.40,31.0%,1,1.63元/平米/月,住宅
好景花园,海珠-滨江东-翠竹路18号,43043,5.68,35.0%,0,1.00元/平米/月,住宅
翠景苑(海珠),海珠-赤岗-赤岗东路269号,27400,1.00,15.0%,0,0.50元/平米/月,住宅
名粤广场,海珠-广州大道南-广州大道南1021号,24200,3.13,23.0%,1,1.00元/平米/月,住宅
蟠龙花园,海珠-前进路-万寿北街58-76号,24307,1.50,26.0%,1,0.50元/平米/月,住宅
天海庭,海珠-江燕路-天海街21-1号,33180,2.19,35.0%,1,1.10元/平米/月,住宅
南贤小区,海珠-广州大道南-南贤大街49-59号,38849,2.40,10.0%,0,0.30元/平米/月,住宅
经典居,海珠-滨江东-广州大道南228号,34850,1.50,30.0%,1,1.50元/平米/月,住宅
穗南大厦,海珠-江南西-江南东路53号,33000,5.10,30.0%,1,1.80元/平米/月,住宅
侨雅苑(海珠),海珠-新港西-侨雅新街18号,32000,2.30,30.0%,1,0.70元/平米/月,住宅
南洲北路公安宿舍,海珠-南洲-南洲北路700号,28657,2.80,28.0%,1,0.55元/平米/月,住宅
荣校大院,海珠-新港西-新港西路114号,38400,2.00,20.0%,1,0.90元/平米/月,住宅
南丰阁,海珠-江南西-江南西路73号,43750,2.10,39.0%,1,1.90元/平米/月,住宅
明晖苑,海珠-广州大道南-敦和路78号,31000,3.33,10.0%,1,0.70元/平米/月,住宅
江南骏园,海珠-工业大道北-骏园南街26号,46000,1.50,28.0%,1,1.50元/平米/月,住宅
新怡苑,海珠-赤岗-墩和路,32805,2.01,20.0%,1,1.50元/平米/月,住宅
南田路小区,海珠-宝岗-南田路,28600,1.00,18.0%,1,0.50元/平米/月,住宅
敦和路公安宿舍,海珠-广州大道南-敦和路223-229号,25800,1.50,19.0%,1,0.90元/平米/月,住宅
好信广场,海珠-南洲-好信街8号,35296,1.80,35.0%,1,1.30元/平米/月,住宅
广州烟卷一厂宿舍区,海珠-赤岗-赤岗路89号,30722,1.20,20.0%,1,0.50元/平米/月,住宅
广州手表厂宿舍大院,海珠-新港西-大江冲4-12号,30369,1.80,18.0%,0,0.50元/平米/月,住宅
广东省农业展览馆生活小区,海珠-滨江西-基立下道北23号,23600,1.50,30.0%,0,0.90元/平米/月,住宅
润南花园,海珠-江南大道中-南泰路654号,31000,3.90,25.0%,1,0.80元/平米/月,住宅
汇怡居,海珠-滨江东-怡乐路52号,30600,2.80,30.0%,1,0.40元/平米/月,住宅
榕苑(海珠),海珠-工业大道南-工业大道中404号,28800,2.00,14.0%,0,0.90元/平米/月,住宅
远安社区,海珠-滨江东-远安路7号,31247,1.20,30.0%,0,0.50元/平米/月,住宅
恒龙苑,海珠-宝岗-宝岗大道143号,34600,2.74,10.0%,0,1.20元/平米/月,住宅
南燕苑,海珠-工业大道北-燕子岗路,26600,1.20,13.0%,1,0.65元/平米/月,住宅
南天阁,海珠-江南西-紫山大街35号,35675,3.00,25.0%,1,1.00元/平米/月,住宅
明都华庭,海珠-南洲-南洲北路,35099,2.50,30.0%,1,1.40元/平米/月,住宅
建怡小区,"海珠-滨江东-建基路70-82双号,怡海路818,820号",29000,2.00,20.0%,1,1.30元/平米/月,住宅
广纸路大院,海珠-工业大道北-广纸路8号,27040,1.20,16.0%,1,0.60元/平米/月,住宅
海韵轩,海珠-工业大道北-新民五街51号,35400,2.88,25.0%,1,1.50元/平米/月,住宅
汇美南苑,海珠-广州塔-汇美街,52238,2.61,35.0%,1,1.20元/平米/月,住宅
德盛苑,海珠-赤岗-敦和路298号,35310,2.80,15.0%,1,0.80元/平米/月,住宅
荟萃楼,海珠-广州大道南-敦和路122-138号,30830,1.50,20.0%,0,0.50元/平米/月,住宅
群星苑,海珠-新港西-鹭江西街99-119号,23000,3.06,30.0%,1,0.50元/平米/月,住宅
晓港中电信宿舍,海珠-晓港-晓港中马路71号,16666,2.20,13.0%,1,0.90元/平米/月,住宅
桥东新街小区,海珠-东晓南-桥东新街,27482,1.50,15.0%,1,0.65元/平米/月,住宅
青凤大街小区,海珠-江南西-江南西路27号,45184,2.00,20.0%,0,0.90元/平米/月,住宅
纺织路,海珠-江南西-纺织路6号,22654,1.50,20.0%,0,0.90元/平米/月,住宅
广医二院宿舍,海珠-晓港-昌岗东路250号,28600,2.00,20.0%,1,1.00元/平米/月,住宅
昌岗中路小区,海珠-昌岗-昌岗中路195-239号,33076,1.50,20.0%,0,0.90元/平米/月,住宅
梅园西路小区,海珠-江南西-梅园西路14号,28000,2.00,30.0%,1,1.00元/平米/月,住宅
凯印大厦,海珠-滨江东-江海路166号,33200,2.50,30.0%,0,0.90元/平米/月,住宅
慎德里小区,海珠-昌岗-慎德里中22号,28474,1.50,20.0%,0,0.90元/平米/月,住宅
新港西路214号大院,海珠-赤岗-新港西路214号,29600,1.50,30.0%,0,暂无,住宅
西华街小区,海珠-宝岗-西华街,31246,2.00,15.0%,1,0.50元/平米/月,住宅
肿瘤医院宿舍,海珠-琶洲-新港东路80号,42800,2.00,15.0%,0,0.80元/平米/月,住宅
珠啤大院,海珠-赤岗-赤岗路97号,34000,2.60,32.0%,1,0.80元/平米/月,住宅
文华苑,海珠-东晓南-文华街77号,20000,1.50,21.0%,1,0.90元/平米/月,住宅
银威花园,海珠-南洲-西滘南大街,22400,2.30,15.0%,1,0.60元/平米/月,住宅
晓园北小区,海珠-晓港-晓园北路,31400,1.50,12.0%,0,0.90元/平米/月,住宅
新滘医院宿舍,海珠-广州大道南-敦和路217-251号,26400,4.00,20.0%,1,0.60元/平米/月,住宅
紫龙大厦,海珠-江南西-紫龙大街,35595,2.50,20.0%,1,0.90元/平米/月,住宅
紫来大街小区,海珠-江南西-紫来大街,31026,1.50,30.0%,1,0.60元/平米/月,住宅
椰诚苑,海珠-滨江东-江湾路20-108号,41283,3.50,23.0%,1,1.50元/平米/月,住宅
润泰大厦,海珠-东晓南-江泰路51号,27325,5.00,10.0%,1,0.70元/平米/月,住宅
新安街城管宿舍,海珠-赤岗-新安街,34000,1.50,13.0%,1,0.50元/平米/月,住宅
侨惠花园,海珠-广州大道南-广州大道南891-907号,28000,3.50,30.0%,1,0.40元/平米/月,住宅
新港西路158大院,海珠-新港西-新港西路158号,40067,2.30,35.0%,1,0.90元/平米/月,住宅
南华西大厦,海珠-宝岗-宝岗大道路106-108号,36800,8.70,40.0%,1,1.50元/平米/月,住宅
宜利苑,海珠-滨江东-滨江东路501号,32000,3.30,22.0%,1,1.50元/平米/月,住宅
南园新村,海珠-前进路-南园大街22号,24800,2.50,35.0%,1,0.80元/平米/月,住宅
南洲路699号大院,海珠-南洲-南洲路699号,21400,1.20,15.0%,1,1.50元/平米/月,住宅
细岗东区,海珠-晓港-晓园北路32号,25000,1.50,15.0%,1,0.80元/平米/月,住宅
聚雅苑,海珠-滨江东-怡乐路,51282,3.84,13.0%,1,1.70元/平米/月,住宅
江燕路小区,海珠-江燕路-江燕路,20400,4.00,30.0%,0,0.65元/平米/月,住宅
江南明源楼,海珠-昌岗-礼岗路8号,30200,2.50,30.0%,1,1.50元/平米/月,住宅
嘉汇华庭,海珠-前进路-前进路63号,40200,4.80,20.0%,1,1.55元/平米/月,住宅
新业海珠干警小区,海珠-工业大道南-新业路20-42号,33600,2.50,30.0%,1,0.90元/平米/月,住宅
前进路26-36号,海珠-前进路-前进路26-36号,28600,1.20,20.0%,1,0.60元/平米/月,住宅
江丽苑(海珠),海珠-滨江东-翠竹路36号,37800,4.00,40.0%,1,0.80元/平米/月,住宅
恒信路阳光公寓,海珠-赤岗-恒信路134号,33000,1.50,12.0%,1,1.50元/平米/月,住宅
富力尚溢居,海珠-滨江东-怡乐路38号,50000,6.52,20.0%,1,1.80元/平米/月,住宅
海意名苑,海珠-前进路-复兴十二巷48号,31000,3.38,12.0%,1,0.70元/平米/月,住宅
龙景大厦,海珠-赤岗-聚德路238号,30000,2.00,20.0%,0,1.00元/平米/月,住宅
广州大道南交警宿舍,海珠-广州大道南-广州大道南856号,32000,1.50,20.0%,1,1.00元/平米/月,住宅
江南雅居(二期),海珠-昌岗-礼岗路6号,39139,3.00,43.0%,1,1.00元/平米/月,住宅
海联阁,海珠-东晓南-海联路47-59号,27200,2.00,16.0%,0,0.90元/平米/月,住宅
江南大道中路小区,海珠-江南西-江南大道中路159号,37636,2.00,44.0%,1,1.00元/平米/月,住宅
港务局宿舍(海珠),海珠-工业大道北-厚德路86号,26600,1.80,14.0%,1,0.90元/平米/月,住宅
贵德东30-44大院,海珠-前进路-贵德东街,29000,1.20,36.0%,1,0.80元/平米/月,住宅
鸿荣阁,海珠-江燕路-江燕路,34600,2.40,15.0%,1,1.00元/平米/月,住宅
赤岗三街小区,"海珠-赤岗-赤岗三街1,3号",27629,1.84,32.0%,0,0.90元/平米/月,住宅
天朗涂料公司宿舍,海珠-江南西-西华北直街4,33200,1.50,20.0%,0,0.90元/平米/月,住宅
东银广场,海珠-滨江东-东晓路280号,44859,2.00,30.0%,1,1.50元/平米/月,住宅
海悦大厦,海珠-宝岗-福场路48-52号,37000,2.13,25.0%,1,1.50元/平米/月,住宅
大江苑,海珠-新港西-南贤大街1号,33975,1.50,15.0%,1,0.50元/平米/月,住宅
南村路小区,海珠-前进路-南村路1-28号,25000,2.00,12.0%,0,0.40元/平米/月,住宅
德怡居,海珠-宝岗-德信街,32528,3.30,30.0%,1,0.80元/平米/月,住宅
中惠雅苑,海珠-宝岗-南田路,46800,2.50,40.1%,1,1.80元/平米/月,住宅
晓安苑,海珠-东晓南-逸安街48号,26400,3.18,10.0%,1,1.30元/平米/月,住宅
聚龙新街小区,海珠-江南西-聚龙新街,31921,1.50,13.0%,0,0.90元/平米/月,住宅
万寿路小区,海珠-前进路-万寿路15号,30000,2.70,30.0%,1,0.50元/平米/月,住宅
南园大街小区,海珠-前进路-南园大街1-42号,34154,2.40,13.0%,0,0.90元/平米/月,住宅
祥庆花园,海珠-宝岗-连珠直街33号,32800,2.60,21.0%,1,0.60元/平米/月,住宅
湖天景峰花园,海珠-南洲-南洲路,40008,2.00,35.0%,1,2.50元/平米/月,住宅
趣园楼,海珠-宝岗-仁和直街,23200,1.20,12.0%,0,0.50元/平米/月,住宅
万寿雅苑,海珠-滨江东-万寿北路48号,35400,1.50,30.0%,0,0.90元/平米/月,住宅
沙地直街小区,海珠-滨江东-滨江东路,36200,3.00,16.0%,1,0.50元/平米/月,住宅
基立新村,海珠-前进路-第一津街33号,24800,1.50,21.0%,1,1.00元/平米/月,住宅
江南大道中后街小区,海珠-江南西-江南大道中后街,31832,2.00,26.0%,1,0.60元/平米/月,住宅
金麟台,海珠-滨江东-东翠东街15-19号,47150,2.50,14.0%,0,1.50元/平米/月,住宅
基立北街小区,海珠-前进路-基立北街,37080,2.00,30.0%,0,0.90元/平米/月,住宅
悦龙阁,海珠-滨江东-明珠大街68号,40000,1.50,30.0%,1,1.50元/平米/月,住宅
郭墩街小区,海珠-前进路-郭墩新街,24342,2.00,15.0%,0,0.60元/平米/月,住宅
海珠前进路小区,海珠-前进路-前进路45-55号,25000,1.20,30.0%,0,0.50元/平米/月,住宅
紫玉大街小区,海珠-江南西-紫玉大街,34800,2.00,30.0%,1,0.60元/平米/月,住宅
蟠龙新街小区,海珠-前进路-蟠龙新街,30588,1.50,14.0%,0,0.50元/平米/月,住宅
江畔小区,海珠-赤岗-新港东路21-33号,29800,1.50,20.0%,0,1.50元/平米/月,住宅
景致花苑,海珠-赤岗-赤岗西路18号,28000,2.00,10.0%,0,1.00元/平米/月,住宅
碧蓝映居,海珠-工业大道北-洪德路240-266号,52000,2.89,24.0%,1,1.00元/平米/月,住宅
上渡路电信宿舍,海珠-上渡路-下渡路112号,27800,1.50,15.0%,0,0.40元/平米/月,住宅
粤沛大学印象,海珠-滨江东-江怡路208号,59268,3.74,30.0%,1,1.60元/平米/月,住宅
海珠四航局大院,海珠-新港西-新港西路182号,37200,2.00,25.0%,0,0.80元/平米/月,住宅
碧海商业大厦,海珠-滨江东-广州大道南321号,34615,2.50,20.0%,0,1.35元/平米/月,住宅
乐富楼,海珠-工业大道北-乐善大街25号,24400,1.50,16.0%,1,2.00元/平米/月,住宅
夏沙巷,海珠-滨江东-大江冲街,29000,1.20,18.0%,1,0.50元/平米/月,住宅
嘉银华庭,海珠-江南西-紫丹大街59号,42592,2.50,30.0%,1,1.00元/平米/月,住宅
小港路小区,海珠-滨江中-小港路79号,29450,1.50,10.0%,0,0.90元/平米/月,住宅
豪丰园,海珠-宝岗-南华中路388号,39600,8.20,20.0%,1,1.80元/平米/月,住宅
工业大道中路小区,海珠-江燕路-工业大道中253-347号,21200,1.50,20.0%,1,1.00元/平米/月,住宅
怡乐路小区,海珠-新港西-怡乐路怡乐六巷2号,26600,1.20,20.0%,0,0.50元/平米/月,住宅
晓港东二马路小区,海珠-江南西-晓港东二马路,20400,1.50,20.0%,1,1.00元/平米/月,住宅
怡乐路53号大院,海珠-滨江东-怡乐路53号,30800,1.50,30.0%,0,0.90元/平米/月,住宅
滨江中路小区,海珠-江南西-滨江中路286-376号,28800,1.50,15.0%,0,0.90元/平米/月,住宅
晓港西马路小区,海珠-江南西-晓港西马路16号,23800,2.00,12.0%,0,0.90元/平米/月,住宅
渔司大院,海珠-广州塔-赤岗西路6-14号,28600,1.50,20.0%,0,0.90元/平米/月,住宅
昌岗中路119-155号小区,海珠-江南西-昌岗中路119-155号,28600,1.50,30.0%,0,0.90元/平米/月,住宅
新港西路147号大院,海珠-新港西-新港西路147号,24000,1.50,30.0%,0,0.90元/平米/月,住宅
远安路大院,海珠-滨江中-滨江中路,38793,1.50,30.0%,1,0.50元/平米/月,住宅
永兴街108号公寓,海珠-工业大道北-永兴街108号,18100,1.20,30.0%,0,1.50元/平米/月,住宅
轻工手表厂宿舍,海珠-新港西-大江直街,33800,1.50,18.0%,0,0.60元/平米/月,住宅
燕子岗路小区,海珠-工业大道北-燕子岗路32号,24617,1.80,15.0%,1,0.45元/平米/月,住宅
水产研究所宿舍,海珠-新港西-新港西路231号,35393,2.18,17.0%,1,0.90元/平米/月,住宅
下渡大街47大院,海珠-滨江东-下渡大街47号,35600,1.20,20.0%,1,1.00元/平米/月,住宅
建基路电信大楼,海珠-前进路-建基路73-75号,33000,3.80,30.0%,1,1.20元/平米/月,住宅
鸭墩新街小区,海珠-滨江东-鸭墩新街,28400,1.20,16.0%,1,0.85元/平米/月,住宅
晓港花苑,海珠-前进路-前桂大街19号,39000,1.50,30.0%,1,1.50元/平米/月,住宅
荣德街龙华苑,海珠-宝岗-荣德街22-28号,28000,1.50,15.0%,1,0.90元/平米/月,住宅
东晓路雅墩街小区,海珠-东晓南-雅墩街单号1-17号,26400,1.50,20.0%,1,0.60元/平米/月,住宅
汇源小区(海珠),海珠-宝岗-恂恂大街39-51号,27000,2.30,16.0%,1,0.80元/平米/月,住宅
凤兴阁,海珠-工业大道北-凤凰二街40号,24200,1.20,19.0%,1,0.40元/平米/月,住宅
洪德雅苑,海珠-工业大道北-面房街20号,30800,2.00,15.0%,1,0.60元/平米/月,住宅
鸿辉阁,海珠-赤岗-华怡路18号,32400,2.00,20.0%,1,0.80元/平米/月,住宅
宝贤社区,海珠-宝岗-新凤祥大街,28600,1.20,20.0%,0,1.00元/平米/月,住宅
宝怡阁,海珠-滨江东-怡福路218号,52500,2.50,28.0%,1,1.20元/平米/月,住宅
龙安大街小区,海珠-工业大道北-南田路,26400,2.00,20.0%,0,0.90元/平米/月,住宅
石岗路小区,"海珠-工业大道南-石岗路16-46号,石岗路78号",24285,1.50,20.0%,0,暂无,住宅
海珠供电局滨江大院,海珠-江南西-滨江西路148号,37200,1.50,30.0%,0,0.90元/平米/月,住宅
革新路110号大院,海珠-沙园-革新路110号,26400,1.50,30.0%,0,0.90元/平米/月,住宅
海珠区人民法院干警宿舍,海珠-江燕路-泰沙路561号,28000,1.50,30.0%,1,1.00元/平米/月,住宅
海联路纪委宿舍,"海珠-滨江东-海联路12,14,16号",30400,1.50,20.0%,0,0.90元/平米/月,住宅
新凤凰新村16巷,海珠-滨江东-新凤凰十六巷3号,37800,1.50,20.0%,1,1.00元/平米/月,住宅
银华大厦,海珠-新港西-新港西路5号,32800,2.50,10.0%,0,0.90元/平米/月,住宅
中海观澜府,海珠-工业大道南-东街,80419,2.50,35.0%,1,5.00,住宅
绿地滨江汇,海珠-工业大道南-石岗路,16910,2.70,35.0%,0,0.50元/平米/月,商住楼
时代大家,海珠-工业大道南-玉澜街1-13号,89154,3.00,40.0%,1,6.29,住宅
同庆路生活区,海珠-宝岗-同庆路1-60号,20000,1.20,26.0%,0,0.50元/平米/月,住宅
达镖国际中心,海珠-昌岗-江南大道南362号,16822,3.80,35.0%,0,0.90元/平米/月,商住楼
素社直街小区,海珠-前进路-素社直街,33055,1.50,15.0%,1,0.50元/平米/月,住宅
邦泰公馆,海珠-琶洲-新港东路43号之一,46200,4.45,30.0%,0,0.90元/平米/月,住宅
南华东路小区,海珠-滨江东-南华东路,24600,1.40,30.0%,1,0.90元/平米/月,住宅
马涌直街小区,海珠-宝岗-马涌直街,26400,1.50,20.0%,1,1.00元/平米/月,住宅
同福西路小区,海珠-滨江西-同福西路18-136号,44407,1.20,20.0%,0,0.50元/平米/月,住宅
中广大厦,海珠-前进路-江南大道中100号,27200,2.50,20.0%,0,0.90元/平米/月,商住楼
江南大道北小区,海珠-江南大道中-江南大道北,26000,3.00,25.0%,0,1.80元/平米/月,住宅
保利世贸公寓,海珠-琶洲-新港东路1000号,21330,5.00,30.0%,0,0.90元/平米/月,商住楼
越秀天悦江湾,海珠-沥滘-南洲路1026号,89675,2.80,30.0%,1,5.00元/平米/月,住宅
珠江壹号,海珠-广州大道南-逸景路353号,32200,2.50,30.0%,1,6.50元/平米/月,商住楼
同福东路小区,海珠-江南西-同福东路624-628号,30126,3.00,30.0%,1,1.00元/平米/月,住宅
万达广场(海珠),海珠-广州大道南-广州大道南1028号,20000,2.50,30.0%,0,0.90元/平米/月,商住楼
保利天悦MO公寓,海珠-万胜围-宸悦路,54785,2.50,30.0%,0,0.90元/平米/月,商住楼
星汇海珠湾(商住楼),海珠-江燕路-广纸路40号,30452,4.70,35.0%,1,3.38元/平米/月,商住楼
中冶逸璟公馆(别墅),海珠-江燕路-江燕路268号,144718,0.88,35.0%,1,5.60,别墅
中冶逸璟公馆,海珠-江燕路-江燕路,78500,5.00,35.0%,1,8.00元/平米/月,住宅
金碧世家公馆,海珠-工业大道南-工业大道南路821号,55500,3.80,35.0%,1,3.50元/平米/月,别墅
江南西路小区,海珠-江南西-江南西路34号,32600,1.20,20.0%,0,0.50,住宅
华发江南府,海珠-江南西-龙昌街,53000,3.20,30.0%,1,2.80元/平米/月,住宅
江南荟,海珠-江南西-前进路,19000,1.50,30.0%,0,0.90元/平米/月,商住楼
珠江国际公馆,海珠-广州大道南-叠景中路88-90号,22727,4.55,30.0%,1,6.80元/平米/月,商住楼
碧家国际社区(客村店),海珠-客村-安定里17号,17400,2.50,30.0%,0,0.90元/平米/月,商住楼
财京商务公馆,海珠-江南西-怡安路,19700,1.50,30.0%,0,0.90元/平米/月,商住楼
万科峯汇(商住楼),海珠-江南西-同福西路199号,22527,2.50,30.0%,0,0.90元/平米/月,商住楼
轻工学院小区,海珠-新港西-新港西路152-158号,36800,1.25,14.0%,1,0.60元/平米/月,住宅
金满楼(海珠),海珠-广州大道南-敦和路303号,29245,3.00,40.0%,1,1.80,住宅
居士地,海珠-江南西-马涌东二巷4号,30600,2.00,20.0%,0,0.90元/平米/月,住宅
广东省职防院,海珠-中大-怡乐一巷10-11号,30000,2.50,20.0%,0,0.90元/平米/月,住宅
洪德路小区,海珠-江南西-洪德路56号,27200,1.50,20.0%,0,0.90元/平米/月,住宅
侨建HiCity,海珠-南洲-南洲路158号,30000,3.20,30.0%,1,0.90元/平米/月,商住楼
越秀天荟江湾,海珠-南洲-大干围12号,21974,6.37,10.0%,0,0.90,商住楼
保利阅江台(海珠),海珠-广州塔-玉菡路38号,87614,暂无,暂无,0,暂无,住宅
中海观云府,海珠-东晓南-东晓南路1668号,74539,4.85,30.0%,1,0.90,住宅
保利湖光悦色,海珠-华洲-华洲路,81026,暂无,暂无,0,暂无,住宅
珠江金瑶台,海珠-江南西-崇礼大街13号,48670,暂无,暂无,0,暂无,住宅
听涛雅苑,海珠-滨江东-滨江东路700-710号,39000,1.80,45.0%,1,0.80元/平米/月,住宅
致景轩,海珠-广州大道南-华盛南路129号,48979,暂无,暂无,0,暂无,住宅
中海观澔府(新房),海珠-南洲-海珠创新湾石岗路16号（方舟客厅）,65000,383,32954.0㎡,0,5.3元/㎡/月,住宅
盛韵苑,海珠-万胜围-科韵南路,16829,暂无,暂无,0,暂无,住宅
沙园民生路小区,海珠-沙园-沙园民生路1号,26400,1.50,30.0%,1,1.00,住宅
广州精细化学工业公司职工宿舍,海珠-工业大道北-郊坛顶15号,26400,暂无,暂无,1,1.00,住宅
基立道小区,海珠-江南西-基立下道5-28号,27325,2.00,20.0%,0,0.90元/平米/月,住宅
聚德大厦,海珠-赤岗-聚德北路176号,38600,暂无,暂无,1,1.00,住宅
紫来大街下田巷小区,海珠-江南西-下田巷18号,33000,1.50,30.0%,1,1.00元/平米/月,住宅
广东商学院宿舍,海珠-广州塔-赤岗东路185号,32400,1.50,30.0%,1,1.00,住宅
怡乐路55-58号小区,海珠-晓港-怡乐路55-58号,31676,1.50,30.0%,1,1.00,住宅
滨江东路逸民里,海珠-江南西-逸民里,34809,1.50,30.0%,1,1.00元/平米/月,住宅
广州机床公司宿舍,海珠-赤岗-赤岗西路7号之1-2号,15700,暂无,暂无,1,1.00元/平米/月,住宅
中冶·逸璟广场,海珠-工业大道北-江燕路与燕翔路交叉口,40000,1180,11180.0㎡,0,暂无,商住楼
保利湖光悦色(新房),海珠-华洲-华洲路自编61号（海珠国家湿地公园东南门旁）,90000,478,44378.0㎡,0,暂无,住宅
中海观澔府,海珠-工业大道南-石岗路16号,55513,暂无,暂无,0,暂无,住宅
华新方圆333,海珠-江燕路-工业大道中路333号之三,20400,2.50,30.0%,0,0.90,商住楼
岭南V谷海珠新天地,海珠-沙园-工业大道北110号,28600,暂无,暂无,0,暂无,商住楼
职防院小区,海珠-下渡路-海康街46-54号,28200,暂无,暂无,0,暂无,住宅
新港中路470号大院,海珠-赤岗-新港中路470号,37400,0.50,20.0%,0,0.50元/平米/月,住宅
滨江西路鳌洲外街36号小区,海珠-滨江西-滨江西路鳌洲外街36号,27600,暂无,暂无,0,暂无,住宅
金沙路小区,海珠-沙园-金沙路33号,26000,1.00,13.0%,0,0.90,住宅
新港西路157号大院,海珠-中大-新港西路157号,21600,暂无,暂无,0,暂无,住宅
广东教育学院宿舍,海珠-广州塔-新港中路351号,58000,1.20,35.0%,0,0.50,住宅
下渡楼,海珠-滨江东-滨江东路636号,36000,2.50,30.0%,0,0.90元/平米/月,住宅
广州市石岗路60-70宿舍大院,海珠-工业大道南-石岗路60-70号,22200,2.90,30.0%,0,0.90元/平米/月,住宅
第三金碧花园(联排),海珠-工业大道南-工业大道南804号,111000,0.50,43.0%,0,2.00元/平米/月,别墅
蔗糖所职工宿舍,海珠-赤岗-石榴岗路10号大院2号,34200,1.20,20.0%,1,0.80元/平米/月,住宅
万松园小区,海珠-前进路-万松园7-10号,30600,1.50,31.0%,1,1.00元/平米/月,住宅
同福中路293号小区,海珠-宝岗-同福中路293号,24600,1.20,20.0%,0,0.50元/平米/月,住宅
同乐大厦,海珠-宝岗-同福中路470号,35000,1.00,13.0%,1,1.50元/平米/月,住宅
悦安花园,海珠-晓港-晓港中马路162号,42400,3.18,35.0%,1,1.20元/平米/月,住宅
五凤村,海珠-东晓南-场兴一街,16100,2.50,20.0%,0,0.90元/平米/月,住宅
远锋大厦,海珠-宝岗-工业大道北87号,30800,1.90,20.0%,1,1.00元/平米/月,住宅
万福后街小区,海珠-江南西-万福后街7-9号,26800,1.88,35.0%,1,0.80元/平米/月,住宅
泰盛大街小区,海珠-前进路-泰盛大街,22800,1.20,30.0%,1,0.50元/平米/月,住宅
泰怡苑,海珠-东晓南-泰沙路63-77号,30400,3.09,15.0%,1,0.60元/平米/月,住宅
云锦居,海珠-宝岗-马涌直街,28200,2.62,13.0%,0,0.90元/平米/月,住宅
万丰花园,海珠-前进路-前进路52号,38000,8.30,35.0%,1,1.20元/平米/月,住宅
粤昆苑,海珠-东晓南-兴隆新街98号,23200,2.50,14.0%,0,1.00元/平米/月,住宅
万乐居,海珠-前进路-前进路57-65号,32200,2.87,35.0%,1,0.90元/平米/月,住宅
天汇大厦,海珠-江南西-江南东路39-47号,37000,1.79,18.0%,1,2.00元/平米/月,住宅
粤安大厦,海珠-前进路-前进路80号,34000,1.80,30.0%,1,0.90元/平米/月,住宅
泰沙路26号大院,海珠-江燕路-泰沙路24-26号,19200,1.20,20.0%,0,0.50元/平米/月,住宅
益鹏苑,海珠-赤岗-赤岗路38号,24000,3.10,30.0%,1,0.40元/平米/月,住宅
市粮宿舍,海珠-沙园-西华街,21800,1.20,37.0%,0,0.50元/平米/月,住宅
怡乐路13号大院,海珠-滨江东-怡乐路13号,33400,1.20,30.0%,0,1.00元/平米/月,住宅
逸华轩,海珠-赤岗-石榴岗路,42600,3.00,35.0%,1,1.20元/平米/月,住宅
艺苑南路小区,海珠-赤岗-艺苑南路,16300,1.50,12.0%,0,0.50元/平米/月,住宅
逸翠居,海珠-江燕路-海鹰路122-128号,26200,3.46,20.0%,1,0.40元/平米/月,住宅
松园大厦(海珠),海珠-前进路-前进路44-50号,40400,2.50,10.0%,1,1.50元/平米/月,住宅
逸景轩,海珠-前进路-南田路797号,26000,2.29,35.0%,1,1.00元/平米/月,住宅
颐康苑,海珠-前进路-基立新村东6-10号,22400,2.50,34.0%,1,1.00元/平米/月,住宅
怡乐路省总工会宿舍,海珠-新港西-怡乐路,30800,3.00,35.0%,1,0.80元/平米/月,住宅
石溪村,海珠-工业大道南-工业大道中,25000,1.80,20.0%,1,0.50元/平米/月,住宅
世纪星花园,海珠-新港西-新港东路,55500,1.16,53.8%,0,0.50元/平米/月,别墅
省粮宿舍,海珠-宝岗-仁厚直街24-34号,27000,1.50,24.0%,0,0.60元/平米/月,住宅
新民四街小区,海珠-工业大道北-新民四街,25600,1.20,20.0%,0,0.50元/平米/月,住宅
新港中路464号大院,海珠-赤岗-江海大道,34200,1.20,20.0%,1,1.00元/平米/月,住宅
新民五街小区,海珠-宝岗-新民五街,27314,1.20,20.0%,0,0.50元/平米/月,住宅
兴隆大街小区,海珠-新港西-兴隆大街,17700,1.20,14.0%,0,0.50元/平米/月,住宅
泉塘路小区,海珠-江燕路-泉塘路93号,22200,1.50,30.0%,0,0.50元/平米/月,住宅
新港西路151号大院,海珠-新港西-新港西路151号,33200,2.20,21.0%,1,0.60元/平米/月,住宅
广东省技术监督局宿舍,海珠-江南西-泰山庙前3号之二-3号之六,34400,2.50,15.0%,1,0.90元/平米/月,住宅
星群宿舍,海珠-南洲-南洲路56号,31800,2.50,22.0%,0,1.00元/平米/月,住宅
仁和直街生活区,海珠-宝岗-仁和直街28号,20200,2.10,36.0%,1,0.50元/平米/月,住宅
轻工集团宿舍,海珠-新港西-大江冲直街62号,41400,1.50,35.0%,1,0.50元/平米/月,住宅
晓润闲庭,海珠-滨江东-海联路333-335号,30400,1.77,30.0%,1,0.65元/平米/月,住宅
润田雅苑,海珠-宝岗-宝岗路32号,40200,2.50,50.0%,1,0.90元/平米/月,住宅
紫光苑,海珠-前进路-慎和大街3-9号,30800,2.50,15.0%,1,0.50元/平米/月,住宅
洲头咀小区,海珠-滨江西-滨江西路,27000,1.20,30.0%,0,0.50元/平米/月,住宅
郭墩社区联合围院小区,海珠-前进路-基立下道北街10号,30200,2.00,15.0%,0,0.90元/平米/月,住宅
紫竹云轩,海珠-滨江中-南华东路667-669号,39200,2.50,36.0%,1,1.80元/平米/月,住宅
中大科教楼,海珠-新港西-新港西路232号,25000,1.20,30.0%,0,0.60元/平米/月,住宅
中山二院宿舍,海珠-南洲-盈丰路,32400,3.00,25.0%,1,1.70元/平米/月,住宅
西华社综合楼,海珠-宝岗-荔宝街,26200,1.20,20.0%,0,0.50元/平米/月,住宅
中源御品,海珠-沙园-江燕路288号,46052,4.50,25.0%,1,3.00元/平米/月,住宅
万寿路打捞局宿舍,海珠-前进路-万寿路37-41号,24600,1.60,20.0%,1,1.00元/平米/月,住宅
永盛围,海珠-江南大道中-青蒲大街,27200,1.20,20.0%,0,0.50元/平米/月,住宅
卫生局宿舍(海珠),海珠-沙园-西华街1号,25000,1.50,20.0%,0,0.50元/平米/月,住宅
素社新村,海珠-前进路-万寿路,30000,0.50,25.0%,1,1.20元/平米/月,住宅
同庆大厦,海珠-宝岗-同福东路488号,26800,2.30,40.0%,1,12.00元/平米/月,住宅
泰沙路30号围院,海珠-江燕路-泰沙路30号,18900,1.20,20.0%,0,0.50元/平米/月,住宅
悦晖楼,海珠-晓港-细岗路3号,33000,1.73,20.0%,1,0.90元/平米/月,住宅
怡龙大厦,"海珠-宝岗-宝龙直街1号,宝龙直街5号",40000,2.50,30.0%,1,1.00元/平米/月,住宅
逸宜居,海珠-江南西-紫龙大街29-31号,30000,3.00,30.0%,1,1.80元/平米/月,住宅
穗宁花园,海珠-江南西-泰沙路42-74号,25600,1.50,25.0%,1,0.90元/平米/月,住宅
银山尚橙,海珠-工业大道北-革新路101-103号,35400,2.50,30.0%,1,2.80元/平米/月,住宅
颐怡苑,海珠-江南大道中-基立新村东4-8号,29400,1.20,20.0%,1,1.00元/平米/月,住宅
税务局单位宿舍,海珠-前进路-万寿路,19800,1.70,34.0%,1,1.50元/平米/月,住宅
怡凤街小区,海珠-滨江东-江怡路208号,39200,2.00,13.0%,1,1.00元/平米/月,住宅
学林华轩,海珠-晓港-南村路28-30号,39813,2.30,28.0%,1,1.50元/平米/月,住宅
新民大街54号,海珠-工业大道北-新民大街54号,24600,1.20,20.0%,0,0.50元/平米/月,住宅
七星岗1号大院,海珠-赤岗-七星岗1号,18700,1.20,30.0%,0,0.50元/平米/月,住宅
新世界大厦(海珠),海珠-滨江中-南华西路89号,34400,2.50,13.0%,0,1.30元/平米/月,住宅
"新港西路143,145号大院",海珠-新港西-新港西路,26000,2.20,21.0%,0,0.60元/平米/月,住宅
利和阁,海珠-滨江东-东翠东街9号,40600,2.00,20.0%,1,1.50元/平米/月,住宅
新港西114大院,海珠-新港西-新港西路,30400,2.30,20.0%,0,0.80元/平米/月,住宅
新港西路145号大院,海珠-滨江东-新港西路,27400,1.20,30.0%,1,0.80元/平米/月,住宅
省纺织厂宿舍,海珠-工业大道北-工业大道北43号,21800,1.50,30.0%,0,0.50元/平米/月,住宅
平安宿舍,海珠-赤岗-新市头路13号,32000,1.50,11.0%,1,1.00元/平米/月,住宅
南箕花苑,海珠-工业大道北-南箕中街59-510号,26000,1.50,30.0%,0,0.40元/平米/月,住宅
梅园南社区,海珠-工业大道北-梅园南路,24600,1.20,20.0%,1,1.00元/平米/月,住宅
康隆苑,海珠-江南西-宝业路124号,36400,2.50,20.0%,1,0.68元/平米/月,住宅
磨碟沙大院,海珠-赤岗-磨碟沙大街,49300,1.20,20.0%,0,0.50元/平米/月,住宅
磨碟沙小区,海珠-琶洲西区-磨碟沙大街,49300,1.20,30.0%,1,0.50元/平米/月,住宅
南箕路小区,海珠-工业大道北-南箕路345号,24000,2.00,35.0%,1,0.90元/平米/月,住宅
民政学校宿舍,海珠-新港西-漱珠岗33号,20200,1.20,30.0%,0,1.20元/平米/月,住宅
礼岗小区,海珠-江南大道中-江南大道南398号,30000,1.50,15.0%,1,0.60元/平米/月,住宅
天鹅大厦,海珠-滨江中-滨江西路36号,39800,2.50,15.0%,1,0.90元/平米/月,住宅
馨晴轩,海珠-前进路-素社六巷3号之1-9号,44800,5.68,30.0%,1,3.00元/平米/月,住宅
英联大厦,海珠-江南西-江南西路8-10号,32800,1.20,30.0%,1,1.80元/平米/月,住宅
松漱前小区,海珠-宝岗-松漱前25-32号,26800,1.50,30.0%,1,0.90元/平米/月,住宅
益兆明珠,海珠-滨江西-滨江西路130号,48200,2.51,20.0%,1,2.40元/平米/月,住宅
省化工宿舍,海珠-前进路-前进路138-140号,27400,1.90,20.0%,1,1.30元/平米/月,住宅
幸福社区,海珠-赤岗-赤岗路,25400,1.20,30.0%,1,0.40元/平米/月,住宅
尚东江景,海珠-滨江东-素社直街29号,39800,2.50,29.0%,1,1.20元/平米/月,住宅
聚德花苑(西区),海珠-赤岗-聚德路18号,28200,2.26,26.0%,1,0.90元/平米/月,住宅
印象琶洲公寓,海珠-琶洲-新港东路,40600,4.50,30.0%,1,5.00元/平米/月,住宅
晓港中路公安宿舍,海珠-昌岗-晓港中路110号,31800,2.50,30.0%,0,0.30元/平米/月,住宅
桥东新街13号,海珠-滨江东-桥东新街13号,20600,1.50,28.0%,1,0.65元/平米/月,住宅
劬劳中学教师宿舍,海珠-沥滘-南洲路74号,21000,1.20,30.0%,1,0.50元/平米/月,住宅
杏林小区,"海珠-江南西-杏林大街1-6,9-10,15-19号",39200,1.50,14.0%,1,0.50元/平米/月,住宅
省二医院宿舍,海珠-广州塔-艺景路,32800,1.20,30.0%,1,0.50元/平米/月,住宅
新业路环卫局宿舍,海珠-广州大道南-新业路,25200,1.20,13.0%,0,0.50元/平米/月,住宅
晓港邮政宿舍,海珠-晓港-晓港西马路161号,30400,1.20,13.0%,1,0.50元/平米/月,住宅
新凤凰学生公寓,海珠-滨江东-江怡路303号,21200,2.00,10.0%,1,1.00元/平米/月,住宅
晓阳街小区,海珠-东晓南-东晓路12-15号,25200,1.50,20.0%,1,0.90元/平米/月,住宅
晓园东大院,海珠-晓港-晓园北路,26800,1.20,30.0%,0,0.50元/平米/月,住宅
晓港东一马路小区,"海珠-新港西-晓港东一马路东十巷1,2号,晓港东一马路17-63单号",24000,1.50,20.0%,1,0.90元/平米/月,住宅
人民法院宿舍,海珠-南洲-泰沙路561号,25800,1.20,30.0%,1,0.50元/平米/月,住宅
晓园花园,海珠-晓港-南泰路649号,26000,2.50,20.0%,1,0.90元/平米/月,住宅
省总工会宿舍,海珠-前进路-万寿北街25号,35800,1.50,30.0%,1,0.50元/平米/月,住宅
晓港新城,海珠-晓港-晓港西马路101号,26200,2.50,30.0%,0,0.90元/平米/月,住宅
南晓苑,海珠-东晓南-东晓路341-377号,24800,3.06,15.0%,1,0.40元/平米/月,住宅
南翠园,海珠-昌岗-新港西路28号,30600,2.50,40.0%,1,0.50元/平米/月,住宅
荔鑫居,海珠-宝岗-荔福路62号,24600,1.00,20.0%,0,0.50元/平米/月,住宅
南蟠龙里小区,海珠-前进路-前进路,23400,1.50,20.0%,1,0.50元/平米/月,住宅
牛奶厂街小区,海珠-宝岗-牛奶厂街,31800,1.50,20.0%,0,0.90元/平米/月,住宅
可逸隽轩,海珠-江南西-南田路,49500,2.32,30.0%,1,3.00元/平米/月,住宅
荔海鸣蝉,海珠-赤岗-聚德路,24600,2.00,15.0%,1,0.80元/平米/月,住宅
客村小学教师宿舍,海珠-广州大道南-广州大道南702号,21600,2.80,30.0%,0,1.00元/平米/月,住宅
荣馨阁,海珠-宝岗-昌岗中路128号,29162,1.80,18.0%,0,0.80元/平米/月,住宅
南洲路救捞局宿舍,海珠-南洲-南洲路1455-1467号,17700,2.40,30.0%,1,0.50元/平米/月,住宅
罗马家园拜庭(一期),海珠-沥滘-沥滘水基大街,33000,3.10,30.0%,1,2.40元/平米/月,住宅
江畔楼,海珠-赤岗-新港东路3号,42600,1.50,30.0%,1,1.50元/平米/月,住宅
晓港东三马路小区,海珠-新港西-晓港东三马路,24600,1.20,20.0%,0,1.60元/平米/月,住宅
细岗东大院,海珠-宝岗-细岗路80-112号,26800,1.73,32.0%,1,0.80元/平米/月,住宅
龙骧大街小区,海珠-宝岗-龙骧大街41号,26600,1.20,20.0%,0,0.50元/平米/月,住宅
青葵大街小区,海珠-江南西-青葵大街,36200,1.20,35.0%,1,0.60元/平米/月,住宅
细岗东社区,海珠-晓港-细岗东一街6号,24800,1.20,20.0%,1,0.50元/平米/月,住宅
侨燕苑,海珠-江燕路-燕岗东路2号,27800,1.60,24.0%,1,0.60元/平米/月,住宅
南珠广场北区,海珠-江燕路-江燕路111号,33200,3.17,15.0%,1,0.80元/平米/月,住宅
下渡大街1号大院,海珠-上渡路-下渡大街1号,27600,1.20,20.0%,1,0.50元/平米/月,住宅
龙田西街小区,海珠-宝岗-龙田西街,29000,1.20,20.0%,1,1.80元/平米/月,住宅
交通部广州海监局职工宿舍,海珠-新港西-海康街72-80号,44800,1.50,20.0%,0,0.90元/平米/月,住宅
荔福花园,海珠-宝岗-宝业路,34706,1.50,13.0%,1,0.80元/平米/月,住宅
南康阁,海珠-江南西-紫玉大街19号,34200,3.24,30.0%,1,1.20元/平米/月,住宅
凯伦世家,海珠-江南大道中-青蒲大街,26400,1.50,30.0%,1,1.50元/平米/月,住宅
明珠东苑,海珠-滨江东-海联路188-190号,30600,1.50,20.0%,0,0.90元/平米/月,住宅
民主党宿舍,海珠-新港西-南贤大街24号,32000,1.70,40.0%,1,0.50元/平米/月,住宅
乐善大街小区,海珠-江南西-乐善大街2-9号,29400,1.20,20.0%,1,0.50元/平米/月,住宅
军港部队小区,海珠-赤岗-石榴岗路七星岗1号,16900,1.20,30.0%,0,0.80元/平米/月,住宅
聚德花苑(南区),海珠-赤岗-聚德中路,33600,2.26,26.0%,0,0.90元/平米/月,住宅
金乐大厦,海珠-滨江东-怡乐路51号,37400,3.18,12.0%,1,1.50元/平米/月,住宅
江南西电梯楼,海珠-江南西-江南大道中142号,35400,3.00,20.0%,1,0.60元/平米/月,住宅
海棠阁(海珠),海珠-前进路-东晓路201号,35000,1.10,25.0%,0,2.38元/平米/月,住宅
江怡路大院,海珠-新港西-江怡路,21200,1.50,30.0%,0,0.90元/平米/月,住宅
骏和大厦,海珠-前进路-素社直街27-29号,39400,2.00,29.0%,1,1.20元/平米/月,住宅
海天大厦,海珠-滨江中-滨江西路26-28号,30600,3.80,40.0%,1,0.80元/平米/月,住宅
江怡路221号小区,海珠-晓港-江怡路221号,30200,1.20,30.0%,1,0.50元/平米/月,住宅
江南大道南368号小区,海珠-江南大道中-江南大道南368号,18900,1.20,10.0%,1,0.50元/平米/月,住宅
江南大道中115号大院,海珠-江南西-江南大道中115号,28600,1.50,20.0%,0,0.60元/平米/月,住宅
龙田西街口机电宿舍,海珠-宝岗-龙田西街口3—27号,34400,1.20,30.0%,1,0.50元/平米/月,住宅
聚龙花园,海珠-工业大道北-洪德路,24800,3.00,17.0%,1,1.50元/平米/月,住宅
嘉仕花园西区,海珠-滨江东-嘉韵街3号,45000,3.83,33.0%,1,2.05元/平米/月,住宅
江南大道中137号小区,海珠-前进路-江南大道中137号,29000,1.20,20.0%,0,0.70元/平米/月,住宅
广东省航道局小区,海珠-前进路-基立道,24800,1.20,20.0%,0,1.00元/平米/月,住宅
花季华庭,海珠-赤岗-紫菀一路60号,42200,2.67,30.0%,1,1.96元/平米/月,住宅
机电大院,海珠-宝岗-金紫里北街13-20号,23600,2.20,30.0%,1,0.40元/平米/月,住宅
汇俊园,海珠-工业大道北-南边路43号,30000,2.90,30.0%,1,0.50元/平米/月,住宅
广州电科所大院,海珠-新港西-新港西路206号,41800,2.00,30.0%,1,0.80元/平米/月,住宅
光汉直街小区,海珠-宝岗-光汉直街,32000,3.00,18.0%,1,0.50元/平米/月,住宅
后乐园社区居民委员会,海珠-工业大道北-后乐园街30号,20800,1.20,20.0%,1,0.50元/平米/月,住宅
工业大道中385号大院,海珠-工业大道南-工业大道中385号,27800,1.50,30.0%,0,0.90元/平米/月,住宅
工业大道中纸厂大院,海珠-工业大道南-广纸路,26200,1.20,30.0%,1,0.50元/平米/月,住宅
田心坊,海珠-前进路-同福东路,25800,3.00,16.0%,1,1.00元/平米/月,住宅
跃进新村,海珠-昌岗-江南大道南,25400,2.50,32.0%,1,0.50元/平米/月,住宅
同福中路石化社区,海珠-宝岗-同福中路628号,22800,1.20,28.0%,0,0.50元/平米/月,住宅
华缝公司职工宿舍,海珠-新港西-立新街10-32号,21200,1.20,20.0%,0,0.50元/平米/月,住宅
工业大道南421号大院,海珠-工业大道南-工业大道南421号,22600,2.18,14.0%,1,0.56元/平米/月,住宅
益丰社区,海珠-江南大道中-土地巷1号,22000,1.20,25.0%,0,0.50元/平米/月,住宅
穗龙花园,海珠-宝岗-穗龙一街4-6号,30000,4.70,12.0%,0,0.90元/平米/月,住宅
研究造纸所,海珠-新港西-新港西路154号,24000,1.20,30.0%,0,0.70元/平米/月,住宅
怡海华轩,海珠-滨江东-海联路,31000,2.50,20.0%,1,0.50元/平米/月,住宅
倚江楼,海珠-滨江东-海联路190-196号,34000,2.80,10.0%,1,0.50元/平米/月,住宅
泰安居,海珠-新港西-康乐西约大街8号,23400,1.55,40.0%,1,0.80元/平米/月,住宅
顺龙雅居,海珠-宝岗-南田路,34600,3.50,18.0%,1,1.20元/平米/月,住宅
一棉大院,海珠-滨江东-江湾路53-55号,30400,1.50,22.0%,1,0.70元/平米/月,住宅
素社东社区,海珠-前进路-万寿路29-41号,26800,1.50,30.0%,1,0.90元/平米/月,住宅
首善商业城,海珠-工业大道北-革新路117号,25000,1.20,30.0%,0,0.50元/平米/月,住宅
新凤凰后街1-5号大院,海珠-滨江东-江怡路72号,31800,1.20,20.0%,0,1.00元/平米/月,住宅
新港中路小区,海珠-赤岗-新港中路,29800,1.32,23.0%,1,0.90元/平米/月,住宅
省水产供销公司宿舍,海珠-江南大道中-江南大道中涌尾大街50号,26200,1.50,20.0%,0,0.90元/平米/月,住宅
橡胶新村,海珠-昌岗-昌岗中路94-98号,22400,1.00,26.0%,0,0.90元/平米/月,住宅
晓南二街海运局宿舍,海珠-新港西-东晓路,28000,1.50,15.0%,1,0.90元/平米/月,住宅
新港西路166-170号大院,海珠-新港西-新港西路166-170号,28200,2.20,17.0%,1,1.10元/平米/月,住宅
晓怡居,海珠-晓港-昌岗东五巷3-9号,32400,1.50,15.0%,1,0.90元/平米/月,住宅
仁厚直街大院,海珠-宝岗-仁厚直街,27200,2.30,20.0%,0,0.60元/平米/月,住宅
塞纳森晴,海珠-前进路-前进路148号,47900,6.00,15.0%,1,2.50元/平米/月,住宅
新民大街小区,海珠-工业大道北-新民大街19号,26000,2.50,30.0%,0,0.90元/平米/月,住宅
新民围院式管理小区,海珠-工业大道北-革新路,29400,1.20,20.0%,0,0.50元/平米/月,住宅
新域轩(二期),海珠-宝岗-松漱前街,23400,2.30,30.0%,1,0.90元/平米/月,住宅
荣信大厦,海珠-工业大道北-工业大道中295号,30600,1.50,12.0%,1,0.80元/平米/月,住宅
荣德阁,海珠-宝岗-宝岗大道236-248号,28800,3.58,16.0%,1,0.55元/平米/月,住宅
南秀苑,海珠-南洲-后滘西大街,25000,1.20,20.0%,1,1.00元/平米/月,住宅
明星楼,海珠-宝岗-宝岗大道328号,26000,4.00,25.0%,0,0.80元/平米/月,住宅
美术学院宿舍,海珠-晓港-昌岗东路257号,46800,2.60,30.0%,0,暂无,住宅
妮敦道,海珠-广州大道南-敦和路83-131号,17100,1.50,18.0%,1,0.90元/平米/月,住宅
下渡路23号大院,海珠-下渡路-下渡路23号,28600,1.20,20.0%,0,0.50元/平米/月,住宅
南轩阁,海珠-江南西-江南西路116号,37400,2.50,15.0%,1,1.50元/平米/月,住宅
蒙圣社区,海珠-前进路-江南大道,21600,1.20,20.0%,0,0.50元/平米/月,住宅
利海假日轩,海珠-赤岗-华怡路104号,55500,4.78,26.0%,1,2.50元/平米/月,住宅
南方歌舞团宿舍,海珠-赤岗-赤岗路,31200,1.20,20.0%,1,0.50元/平米/月,住宅
南晖苑,海珠-工业大道南-南晖路17-23号,21800,2.44,20.0%,1,0.80元/平米/月,住宅
梅园阁(海珠),海珠-工业大道北-梅园西路4-15号,26800,1.50,15.0%,0,0.50元/平米/月,住宅
南边路29号大院,海珠-工业大道北-南边路29号,25000,1.20,30.0%,0,0.50元/平米/月,住宅
兰亭君舍(海珠),海珠-前进路-万寿路,17300,1.50,30.0%,1,0.90元/平米/月,住宅
将军直街生活区,海珠-宝岗-将军直街19号,22400,2.00,20.0%,1,0.90元/平米/月,住宅
江南大道中235号大院,海珠-江南大道中-江南大道中235号,30600,1.50,30.0%,1,0.50元/平米/月,住宅
荟萃苑,海珠-中大-凤岗脚23号,22200,3.04,30.0%,1,0.50元/平米/月,住宅
江南大道南390号小区,海珠-江南大道中-江南大道南390号,18700,1.20,30.0%,0,0.50元/平米/月,住宅
鸡春岗新1街小区,海珠-工业大道南-鸡春岗新1街,18300,1.20,30.0%,0,0.70元/平米/月,住宅
广州汽车制造厂职工宿舍,海珠-江南大道中-大松岗3-1号,21800,1.20,20.0%,0,0.50元/平米/月,住宅
环秀新街生活小区,海珠-万胜围-环秀新街16-22号,19200,0.50,30.0%,1,0.50元/平米/月,住宅
江南大道中199号小区,海珠-前进路-江南大道中199号,28600,1.20,30.0%,0,0.80元/平米/月,住宅
金汇花苑,海珠-前进路-基立道1号,33200,1.68,31.0%,1,0.70元/平米/月,住宅
建雅居,海珠-赤岗-新港中路452号,34200,1.50,12.0%,0,0.90元/平米/月,住宅
海洋局宿舍,海珠-赤岗-新港中路344号,28200,2.00,20.0%,1,0.50元/平米/月,住宅
佳兴大厦,海珠-滨江东-金菊路15号,21000,2.20,30.0%,1,暂无,商住楼
黄埔古港石基村,海珠-琶洲-石基路,19700,1.20,30.0%,0,0.50元/平米/月,住宅
贵德街小区,海珠-宝岗-贵德街,27200,1.50,20.0%,0,0.90元/平米/月,住宅
漾日湾畔,南山-后海-海德三道1号,28200,2.00,35.0%,0,0.90元/平米/月,住宅
工业大道南407号大院,海珠-工业大道南-工业大道南1045号,22200,1.20,20.0%,0,1.00元/平米/月,住宅
工业大道中375号大院,海珠-江南大道中-工业大道中375号,28000,1.20,15.0%,0,0.50元/平米/月,住宅
供电滨江大院,海珠-滨江西-滨江西路146号,30800,1.20,30.0%,0,0.50元/平米/月,住宅
广东外贸广场,海珠-东晓南-建基路66号,30400,2.50,30.0%,0,0.70元/平米/月,住宅
会展领域,海珠-琶洲-新港东路7号,44600,1.59,42.0%,1,1.90元/平米/月,住宅
工业大道425大院,海珠-东晓南-工业大道南425号,26800,1.20,15.0%,0,1.00元/平米/月,住宅
鸿新苑,海珠-滨江东-大江冲27-2号,28400,2.80,25.0%,1,0.40元/平米/月,住宅
富江阁,"海珠-滨江东-江怡路42,44,46号",43000,2.30,10.0%,1,0.40元/平米/月,住宅
福雅居,海珠-宝岗-同福西路170号,27800,3.95,20.0%,0,0.90元/平米/月,住宅
纺织路44号围院式社区,海珠-滨江西-纺织路44号,24600,1.20,20.0%,0,0.50元/平米/月,住宅
海珠教工新村,海珠-滨江东-新港西路179号,37000,1.25,29.0%,0,0.50元/平米/月,住宅
房管局宿舍(海珠),海珠-东晓南-怡海路816-828号,38000,1.50,18.0%,1,1.30元/平米/月,住宅
海珠水产宿舍,海珠-赤岗-七星岗路2号,22800,1.20,30.0%,0,0.50元/平米/月,住宅
东晓花苑,海珠-东晓南-海联路135-158号,31400,2.10,14.0%,1,0.70元/平米/月,住宅
海军广州新村干休所,海珠-赤岗-石榴岗路12号,20800,2.30,29.0%,1,0.50元/平米/月,住宅
海联路大院,海珠-滨江东-海联路30号,25200,2.00,15.0%,0,0.70元/平米/月,住宅
海珠怡景楼,海珠-新港西-怡乐十巷1-3号,23800,2.00,10.0%,0,0.80元/平米/月,住宅
东晓花园,海珠-滨江东-东晓横街170号,32400,2.10,20.0%,1,0.65元/平米/月,住宅
江燕路285号小区,海珠-江燕路-江燕路285号,21200,1.20,20.0%,0,0.50元/平米/月,住宅
江南大道南小区,海珠-江南大道中-江南大道南,26200,2.40,20.0%,1,4.00元/平米/月,住宅
海康小区,海珠-新港西-海康街91-99号,32000,1.50,20.0%,1,0.60元/平米/月,住宅
广州卷烟一厂宿舍区,海珠-赤岗-赤岗西路横二街16-30号,24800,1.20,30.0%,0,0.50元/平米/月,住宅
海傍居,海珠-工业大道北-凤安街60-82号,27400,3.84,30.0%,1,0.40元/平米/月,住宅
红会大院,海珠-宝岗-牛奶厂街18-32号,23800,1.50,14.0%,1,1.00元/平米/月,住宅
福兴大厦,海珠-广州大道南-同福东路552号,39800,2.20,36.0%,1,0.68元/平米/月,住宅
丰汇居,海珠-江南西-江南西路82号,41000,2.40,30.0%,0,1.30元/平米/月,住宅
洪德居,海珠-工业大道北-鹤洲直街1-15号,32400,3.75,25.0%,1,1.20元/平米/月,住宅
恒安雅苑,海珠-江燕路-燕子岗南路60-64号,29000,1.85,28.0%,1,1.45元/平米/月,住宅
凤凰苑(海珠),海珠-工业大道北-凤凰二街20号,22400,1.50,20.0%,0,2.00元/平米/月,住宅
恒安楼,海珠-南洲-南燕东街26号,17700,1.50,20.0%,1,0.80元/平米/月,住宅
海珠东沙街小区,海珠-前进路-东沙街24号,29000,1.50,24.0%,1,0.60元/平米/月,住宅
海印居,海珠-滨江东-滨江东路,40200,1.20,36.0%,1,0.50元/平米/月,住宅
海珠红十字会医院宿舍,海珠-宝岗-牛奶厂街1号,22200,2.50,13.0%,1,0.40元/平米/月,住宅
海珠沙园大厦,海珠-工业大道北-工业大道北127-131号,36400,2.50,13.0%,1,1.20元/平米/月,住宅
东晓南路机丝厂宿舍,海珠-东晓南-金紫里直街14-20号,20600,2.00,20.0%,1,0.50元/平米/月,住宅
福良阁,海珠-江南西-江南西路19-21号,30400,2.00,20.0%,1,0.50元/平米/月,住宅
鸿升阁,海珠-赤岗-华怡路22号,30600,2.50,30.0%,1,0.60元/平米/月,住宅
鸿福大厦,海珠-晓港-细岗东四街8号,26400,4.50,30.0%,1,1.00元/平米/月,住宅
纺机大院,海珠-客村-新港中路359号,24000,1.20,15.0%,1,1.50元/平米/月,住宅
东兴阁,海珠-赤岗-赤岗路206-212号,30400,2.00,10.0%,1,0.90元/平米/月,住宅
汾阳里生活区,海珠-宝岗-汾阳里1-50号,24200,3.00,18.0%,1,1.00元/平米/月,住宅
海鹰路小区,海珠-江燕路-海鹰路114-128号,27600,1.50,30.0%,0,0.90元/平米/月,住宅
大江冲图书馆宿舍,海珠-新港西-大江冲25号,32600,1.20,30.0%,0,0.60元/平米/月,住宅
翠雅阁(海珠),海珠-工业大道南-江南大道中97之1号,35200,1.50,20.0%,1,0.90元/平米/月,住宅
建基路大院,海珠-滨江东-建基路88号,28600,1.20,30.0%,0,0.70元/平米/月,住宅
江怡路小区,海珠-滨江东-江怡路323号,27600,2.10,13.0%,1,1.00元/平米/月,住宅
江南大道中139号小区,海珠-前进路-江南大道中139号,27800,1.20,30.0%,0,0.50元/平米/月,住宅
江南西碧雅苑,海珠-江南西-青柳大街29号,30000,1.49,20.0%,1,1.20元/平米/月,住宅
敬和里,海珠-滨江西-南华西路46号,19000,1.20,30.0%,0,0.50元/平米/月,住宅
京桂花园,海珠-宝岗-昌岗中路92-98号,33600,2.08,30.0%,1,0.80元/平米/月,住宅
嘉丽苑,海珠-江南西-紫丹大街53号,29000,3.73,38.0%,0,0.50元/平米/月,住宅
海鸣街小区,海珠-滨江中-海鸣街,23600,1.50,12.0%,0,0.90元/平米/月,住宅
荟贤大厦,海珠-宝岗-同福中路348号,38200,7.92,15.0%,0,0.90元/平米/月,住宅
康大路小区,海珠-滨江东-康大路5-13号,25600,1.50,30.0%,0,0.90元/平米/月,住宅
嘉宏阁,海珠-前进路-江南东路356号,39000,2.50,30.0%,0,1.50元/平米/月,住宅
江南家园,海珠-江南大道中-南田路,54500,2.00,20.0%,0,0.90元/平米/月,住宅
广州金笔厂宿舍,海珠-赤岗-南一街12号,32400,1.20,20.0%,1,0.50元/平米/月,住宅
官洲北苑,海珠-琶洲-科韵路,31737,1.50,21.0%,1,0.50元/平米/月,住宅
富力朗逸轩,海珠-江南大道中-南村路51号,49909,6.32,23.0%,1,1.50元/平米/月,住宅
基立南街小区,海珠-前进路-基立南街,21400,1.50,20.0%,1,1.00元/平米/月,住宅
广州市糖烟酒公司宿舍,海珠-滨江中-南华东路429号,24800,1.20,30.0%,0,0.50元/平米/月,住宅
革新路广船宿舍,"海珠-工业大道北-革新路124-1,2,3号",26000,2.00,10.0%,0,1.00元/平米/月,住宅
冈岳绖,海珠-宝岗-荔福路11号,23200,1.20,20.0%,0,0.50元/平米/月,住宅
工业大道中377大院,海珠-沙园-工业大道中377号,25200,2.00,20.0%,0,0.50元/平米/月,住宅
鸿运雅轩,海珠-昌岗-晓园北路13-27号,27400,4.00,10.0%,1,0.50元/平米/月,住宅
基立西街公安宿舍,海珠-前进路-江湾路,34200,1.20,20.0%,0,0.50元/平米/月,住宅
广州第十一橡胶厂宿舍,海珠-工业大道北-工业大道北103-111号,38400,1.20,20.0%,0,1.45元/平米/月,住宅
港海社区,海珠-沙园-沙园八街22号,26800,1.20,20.0%,1,0.60元/平米/月,住宅
凤乐雅轩,海珠-工业大道北-凤安街85号,38600,2.10,32.0%,1,2.50元/平米/月,住宅
凤和村(海珠),海珠-新港西-新港西路,24400,1.20,30.0%,1,0.70元/平米/月,住宅
凤岗脚教师宿舍,海珠-东晓南-东晓南路,24200,1.50,15.0%,1,0.90元/平米/月,住宅
宏宇广场罗马假日(二期),海珠-宝岗-宝岗大道183号,42200,1.00,24.0%,1,1.20元/平米/月,住宅
凤阳苑,海珠-江燕路-江泰路,23200,2.57,20.0%,1,0.50元/平米/月,住宅
东丰阁,海珠-前进路-华丰街,48200,2.50,20.0%,1,1.00元/平米/月,住宅
叠翠峰(海珠),海珠-沙园-翠华路,28800,3.42,35.0%,1,2.80元/平米/月,住宅
赤岗路51-57号小区,海珠-赤岗-赤岗路51-57号,26800,1.20,35.0%,1,1.00元/平米/月,住宅
赤岗综合楼,海珠-赤岗-新港中路539号,29800,2.30,35.0%,1,0.50元/平米/月,住宅
翠锦阁,海珠-新港西-江怡路228号,47600,2.50,16.0%,1,0.90元/平米/月,住宅
石榴岗路13号大院,海珠-赤岗-石榴岗路13号,25600,1.20,20.0%,0,0.50元/平米/月,住宅
昌岗中路149号大院,海珠-昌岗-昌岗中路149-161号,24200,3.70,35.0%,1,0.60元/平米/月,住宅
茶亭前生活区,海珠-宝岗-茶亭前138号,15900,1.50,30.0%,1,0.80元/平米/月,住宅
滨江新城市花园,海珠-滨江东-东晓路62号,40200,3.13,35.0%,1,3.00元/平米/月,住宅
电厂宿舍,海珠-新港西-大江冲路,27800,2.20,32.0%,1,0.50元/平米/月,住宅
东碧花苑,海珠-广州大道南-南社街1号,16900,2.50,20.0%,1,0.80元/平米/月,住宅
邓岗小区,海珠-工业大道南-纸厂路28号,31200,1.00,15.0%,1,0.50元/平米/月,住宅
蝶翠新居,海珠-工业大道北-菩提路18-22号,34800,3.86,16.0%,1,0.40元/平米/月,住宅
大塘新社区,海珠-赤岗-聚德东巷3号,38400,3.20,26.0%,0,0.90元/平米/月,住宅
大江冲小区,海珠-新港西-大江冲街,38200,1.50,15.0%,1,0.90元/平米/月,住宅
大江冲大院,海珠-新港西-大江冲路,29800,1.50,30.0%,1,0.50元/平米/月,住宅
城启逸蓝华庭,海珠-工业大道北-新民大街42号,42400,3.20,28.0%,1,0.80元/平米/月,住宅
赤岗小学教师宿舍,海珠-赤岗-赤岗路251-253号(单),33600,1.20,31.0%,0,1.20元/平米/月,住宅
赤岗西路横二街小区,海珠-赤岗-赤岗西路横二街,25400,1.20,20.0%,0,0.50元/平米/月,住宅
城市职业学院教工宿舍,海珠-新港西-新港西路207号,33400,1.50,30.0%,0,0.30元/平米/月,住宅
草芳新村,海珠-前进路-草芳新村1-7巷,21600,1.20,20.0%,0,0.50元/平米/月,住宅
昌岗中路教师宿舍,海珠-昌岗-昌岗中路,20800,1.20,20.0%,1,0.50元/平米/月,住宅
赤岗东小区,海珠-赤岗-赤岗一街12-7号,24000,2.50,30.0%,1,1.30元/平米/月,住宅
草芳苑小区,海珠-滨江东-南华东路878号,31800,0.85,26.0%,1,0.40元/平米/月,住宅
昌岗中路橡胶厂宿舍,海珠-沙园-昌岗中路76号,31800,1.20,30.0%,1,0.60元/平米/月,住宅
滨江中路房改房小区,海珠-滨江东-滨江中路284号,25400,1.20,15.0%,1,0.50元/平米/月,住宅
草芳围90号围院式小区,海珠-滨江东-草芳围90号,22000,1.20,20.0%,0,0.50元/平米/月,住宅
碧晖苑,海珠-赤岗-赤岗三街32-36号,31600,4.00,40.0%,0,0.80元/平米/月,住宅
昌岗中路110号大院,海珠-昌岗-昌岗中路110号,30800,2.50,26.0%,0,1.00元/平米/月,住宅
滨江东500号大院,海珠-滨江东-滨江东路500号,44200,1.50,11.0%,0,暂无,住宅
滨江东542号大院,海珠-滨江东-滨江东路542号,26400,1.20,30.0%,0,0.50元/平米/月,住宅
宝龙苑,海珠-宝岗-宝岗大道北,28000,4.62,30.0%,1,1.80元/平米/月,住宅
宝竹园,海珠-宝岗-南村路,21800,1.20,30.0%,0,0.50元/平米/月,住宅
东银广场晓翠庭,海珠-前进路-前进路173号,41600,2.49,30.0%,1,1.50元/平米/月,住宅
宝岗大道小区,海珠-宝岗-宝岗大道124-140号,28200,2.40,18.0%,1,0.60元/平米/月,住宅
东方红印刷厂宿舍,海珠-工业大道南-工业大道中300号,26000,1.20,20.0%,1,0.60元/平米/月,住宅
大江冲48号大院,海珠-新港西-大江冲48号,33600,1.20,30.0%,1,1.50元/平米/月,住宅
赤岗社区,海珠-广州塔-艺苑路11-59号,41600,2.50,33.0%,1,0.60元/平米/月,住宅
船舶厂宿舍,海珠-下渡路-下渡路78-106号,28200,1.50,20.0%,1,0.30元/平米/月,住宅
草芳新街小区,海珠-前进路-草芳新街,22200,1.20,20.0%,1,0.50元/平米/月,住宅
昌龙苑,海珠-宝岗-宝岗大道124-132号,27800,3.60,10.0%,1,0.50元/平米/月,住宅
滨江东航务局宿舍,海珠-滨江东-滨江东路545号,47600,1.50,20.0%,0,0.90元/平米/月,住宅
赤岗东麻袋厂宿舍,海珠-赤岗-赤岗东路,29600,2.30,30.0%,1,0.60元/平米/月,住宅
昌岗中路114号大院,海珠-沙园-昌岗中路114号,36000,3.00,20.0%,0,0.50元/平米/月,住宅
赤岗竹园小区,海珠-赤岗-赤岗三街,28200,2.00,20.0%,1,0.75元/平米/月,住宅
陈李济药厂宿舍,海珠-广州大道南-广州大道南1670号,21400,2.00,15.0%,1,0.50元/平米/月,住宅
滨江东公安宿舍,海珠-滨江东-仲恺路,30600,1.50,30.0%,1,0.80元/平米/月,住宅
滨江西路药材公司宿舍,海珠-滨江中-滨江西路160号,23800,1.20,10.0%,0,0.50元/平米/月,住宅
宝轩楼,海珠-江南大道中-杏坛大街57-64号,26800,1.50,20.0%,0,0.90元/平米/月,住宅
41中教师宿舍,海珠-沙园-工业大道北113号,22000,3.00,31.0%,0,0.80元/平米/月,住宅
宝南尾,海珠-宝岗-南田路,28600,1.50,20.0%,0,1.00元/平米/月,住宅
宝玉直小区,海珠-宝岗-宝玉直街18-26号,26400,2.00,30.0%,1,0.80元/平米/月,住宅
BYTINE国际公寓,海珠-南洲-中盛路12号,19800,1.20,30.0%,1,2.40元/平米/月,住宅
540大院,海珠-新港西-广州大道南540号,26800,3.70,30.0%,1,0.90元/平米/月,住宅
半山亭,海珠-宝岗-仁和直街,30000,2.30,34.0%,1,0.90元/平米/月,住宅
拜庭国际公寓,海珠-南洲-盛恒街7号,33600,3.10,30.0%,1,2.40元/平米/月,住宅
赤岗路30-32号小区,海珠-广州塔-赤岗路30-32号,14500,暂无,暂无,1,1.00,住宅
君缘居,海珠-广州大道南-广州大道南813号,23600,暂无,暂无,0,暂无,住宅
广东省环境辐射监控中心宿舍,海珠-广州大道南-广州大道南868号,28800,3.00,30.0%,0,0.90,住宅
南泰路604号自建房,海珠-江燕路-南泰路604号,23000,1.50,20.0%,1,1.00,自建房
江泰路47-53号小区,海珠-昌岗-江泰路47-53号,25000,1.50,30.0%,0,0.90,住宅
下渡路社区,海珠-上渡路-下渡路134号,28600,1.50,30.0%,0,0.90,住宅
康盛路小区,海珠-新港西-康盛路35号,23200,1.20,30.0%,0,0.50,住宅
金鱼岗小区,海珠-江燕路-金鱼岗1号,28000,0.50,30.0%,0,0.50,住宅
荣庆坊1号小区,海珠-滨江西-荣庆坊1号,17100,0.50,30.0%,0,0.50,住宅
聚源里尾小区,海珠-江南西-慎和大街,29600,1.50,30.0%,1,1.00,住宅
南海水产研究所宿舍,海珠-客村-新港中路326号,31200,1.20,30.0%,0,0.50,住宅
创展自由港,海珠-江南大道中-江南大道中80-82号,48600,2.50,30.0%,0,暂无,商住楼
南华东路公寓小区,海珠-江南大道中-南华东路579号之二,15700,1.20,20.0%,0,0.50,商住楼
福怡居,海珠-江南西-昌岗中路83号,24800,1.50,30.0%,0,0.90,住宅
敦和路正街小区,海珠-广州大道南-敦和路,11500,1.50,30.0%,0,暂无,住宅
